Workbook
Name Excel_BuiltIn__FilterDatabase_1: NA()

Sheet PLANTILLA VESP
A1: MATRICULA | B1: PLAZA | C1: NOMBRE | D1: PUESTO | E1: TUR | F1: DESCRIPCION | G1: A | H1: M | I1: D | J1: DESC | K1: TP | L1: SERVICIO
A2: 9988181 | B2: 38602 | C2: SANTAMARIA HERNANDEZ MIGUEL | D2: ENFERMERA GENERAL 80 | E2: VESP | F2: DEPARTAMENTO DE ENFERMERIA | G2: 32 | H2: 0 | I2: 10 | J2: S-D | K2: OPERATIVA BASE | L2: QX
A3: 98364380 | B3: 38234 | C3: GARCIA CRUZ CLAUDIA AIDA | D3: ENFERMERA ESPECIALISTA 80 EEQX | E3: VESP | F3: DEPARTAMENTO DE ENFERMERIA | J3: M-M | K3: OPERATIVA BASE | L3: QX
A4: 95155237 | B4: 38570 | C4: FLORES CASTRO KARLA ARLET (02) | D4: ENFERMERA GENERAL 80 | E4: VESP | F4: DEPARTAMENTO DE ENFERMERIA | G4: 0 | H4: 0 | I4: 0 | J4: J-V | K4: OPERATIVA BASE
A5: 95155398 | B5: 38795 | C5: BAUTISTA GARCIA CARLOS ALBERTO (02) | D5: ENFERMERA GENERAL 80 | E5: VESP | F5: DEPARTAMENTO DE ENFERMERIA | G5: 0 | H5: 0 | I5: 0 | J5: M-M | K5: CUBRE VACACIONES BASE
A6: 95155360 | B6: 38553 | C6: ROLDAN ROMERO JUAN PABLO | D6: ENFERMERA GENERAL 80 | E6: VESP | F6: DEPARTAMENTO DE ENFERMERIA | G6: 0 | H6: 0 | I6: 0 | J6: M-J | K6: OPERATIVA BASE | L6: CX GRAL
A7: 96155358 | B7: 70911 | C7: GAMEZ RAMIREZ OSCAR GIOVANNI | D7: CAMILLERO EN UNIDADES HOSPITALARIAS 80 | E7: VESP | F7: DEPARTAMENTO DE ENFERMERIA | G7: 3 | H7: 10 | I7: 9 | J7: M-M | K7: OPERATIVA BASE
A8: 95153562 | B8: 38327 | C8: VENEGAS SANTA OLAYA NAYELI ABIGAIL (02) | D8: AUX DE ENFERMERIA GRAL 80 | E8: VESP | F8: DEPARTAMENTO DE ENFERMERIA | G8: 0 | H8: 6 | I8: 12 | J8: D-L | K8: OPERATIVA BASE | L8: CX GRAL | M8: RESICION 16.SEP.2024
A9: 97155816 | B9: 37870 | C9: ORTEGA SANCHEZ ABEL GERARDO | D9: CAMILLERO EN UNIDADES HOSPITALARIAS 80 | E9: VESP | F9: DEPARTAMENTO DE ENFERMERIA | G9: 8 | H9: 10 | I9: 1 | J9: D-L | K9: OPERATIVA BASE
A10: 8713197 | B10: 38794 | C10: RUGERIO/ROJAS/MARIA DE LOURDES | D10: ENFERMERA GENERAL 80 | E10: VESP | F10: DEPARTAMENTO DE ENFERMERIA | G10: 28 | H10: 16 | I10: 14 | J10: D-L | K10: CUBRE VACACIONES BASE | L10: CE
A11: 97361428 | B11: 38322 | C11: ESPINA LOPEZ GUILLERMINA | D11: AUX DE ENFERMERIA GRAL 80 | E11: VESP | F11: DEPARTAMENTO DE ENFERMERIA | G11: 8 | H11: 4 | I11: 8 | J11: J-V | K11: OPERATIVA BASE | L11: UTQ
A12: 96153073 | B12: 38581 | C12: ELIZALDE GUARNEROS ESTEFANIA | D12: ENFERMERA GENERAL 80 | E12: VESP | F12: DEPARTAMENTO DE ENFERMERIA | G12: 3 | H12: 18 | I12: 12 | J12: M-J | K12: OPERATIVA BASE | L12: UTQ
A13: 11653183 | B13: 38399 | C13: RAMIREZ/CRUZ/PAULINA | D13: AUX DE ENFERMERIA GRAL 80 | E13: VESP | F13: DEPARTAMENTO DE ENFERMERIA | G13: 26 | H13: 15 | I13: 9 | J13: S-D | K13: CUBRE DESCANSOS BASE | L13: CE
A14: 11653329 | B14: 38302 | C14: REYES FLORES LUIS ALBERTO | D14: AUX DE ENFERMERIA GRAL 80 | E14: VESP | F14: DEPARTAMENTO DE ENFERMERIA | G14: 25 | H14: 6 | I14: 6 | J14: S-D | K14: OPERATIVA BASE | L14: RX
A15: 11359706 | B15: 38525 | C15: HERNANDEZ/MENDOZA/AMALIA | D15: ENFERMERA GENERAL CLINICA 80 | E15: VESP | F15: DEPARTAMENTO DE ENFERMERIA | G15: 25 | H15: 8 | I15: 0 | J15: S-D | K15: OPERATIVA BASE | L15: ENDOSCOPIA
A16: 11769491 | B16: 38167 | C16: ISLAS/URBINA/MARCO ANTONIO | D16: ENFERMERA JEFE DE PISO 80 | E16: VESP | F16: DEPARTAMENTO DE ENFERMERIA | G16: 25 | H16: 8 | I16: 12 | J16: S-D | K16: OPERATIVA BASE | L16: UTQ
A17: 11767359 | B17: 38164 | C17: LOPEZ/CHAVEZ/NORMA ELENA | D17: ENFERMERA JEFE DE PISO 80 | E17: VESP | F17: DEPARTAMENTO DE ENFERMERIA | G17: 25 | H17: 23 | I17: 10 | J17: S-D | K17: OPERATIVA BASE | L17: 0
A18: 11764562 | B18: 38520 | C18: RODRIGUEZ/ROQUE/CELERINA | D18: AUX DE ENFERMERIA GRAL 80 | E18: VESP | F18: DEPARTAMENTO DE ENFERMERIA | G18: 24 | H18: 6 | I18: 6 | J18: S-D | K18: OPERATIVA BASE | L18: UCIA
A19: 11776838 | B19: 38818 | C19: HERNANDEZ MEJIA LETICIA | D19: ENF ESPEC SALUD PUBL 80 EPH | E19: VESP | F19: DEPARTAMENTO DE ENFERMERIA | G19: 24 | H19: 14 | I19: 11 | J19: S-D | K19: OPERATIVA BASE | L19: EPH
A20: 11759658 | B20: 38212 | C20: AVILES CRUZ LOURDES | D20: ENFERMERA ESPECIALISTA 80 EEI | E20: VESP | F20: DEPARTAMENTO DE ENFERMERIA | G20: 24 | H20: 2 | I20: 7 | J20: D-L | K20: CUBRE DESCANSOS BASE | L20: UCIA
A21: 11770813 | B21: 38188 | C21: ESQUIVEL/RUBIO/MARIA TERESA | D21: ENFERMERA ESPECIALISTA 80 EEP | E21: VESP | F21: DEPARTAMENTO DE ENFERMERIA | G21: 24 | H21: 0 | I21: 10 | J21: S-D | K21: CUBRE DESCANSOS BASE | L21: UCIN
A22: 11770678 | B22: 38572 | C22: CONTRERAS/CONTRERAS/ROSA MARIA | D22: ENFERMERA GENERAL 80 | E22: VESP | F22: DEPARTAMENTO DE ENFERMERIA | G22: 24 | H22: 7 | I22: 12 | J22: S-D | K22: OPERATIVA BASE | L22: CE
A23: 99350354 | B23: 38319 | C23: GARCIA PACHECO DAVID | D23: AUX DE ENFERMERIA GRAL 80 | E23: VESP | F23: DEPARTAMENTO DE ENFERMERIA | G23: 23 | H23: 13 | I23: 0 | J23: S-D | K23: OPERATIVA BASE | L23: CE
A24: 99370268 | B24: 38340 | C24: JIMENEZ TORIZ RAUL | D24: AUX DE ENFERMERIA GRAL 80 | E24: VESP | F24: DEPARTAMENTO DE ENFERMERIA | G24: 23 | H24: 21 | I24: 13 | J24: S-D | K24: OPERATIVA BASE | L24: CE | N24: Elba
A25: 11777575 | B25: 38526 | C25: CHORE&O/CRUZ/JUANA | D25: ENFERMERA GENERAL 80 | E25: VESP | F25: DEPARTAMENTO DE ENFERMERIA | G25: 23 | H25: 18 | I25: 12 | J25: S-D | K25: OPERATIVA BASE | L25: CE
A26: 11182466 | B26: 38124 | C26: BRIBIESCA/RAYA/BLANCA ESTELA | D26: N41 SUBJ ENF UM A 80 | E26: VESP | F26: DEPARTAMENTO DE ENFERMERIA | G26: 23 | H26: 14 | I26: 3 | J26: S-D | K26: CONFIANZA
A27: 99350836 | B27: 38316 | C27: DE LUCIO/RUIZ/JUAN GABRIEL | D27: AUX DE ENFERMERIA GRAL 80 | E27: VESP | F27: DEPARTAMENTO DE ENFERMERIA | G27: 22 | H27: 1 | I27: 10 | J27: S-D | K27: OPERATIVA BASE | L27: CE
A28: 11486775 | B28: 38333 | C28: GARCIA/GALICIA/ROSALBA CAROLINA | D28: AUX DE ENFERMERIA GRAL 80 | E28: VESP | F28: DEPARTAMENTO DE ENFERMERIA | G28: 22 | H28: 19 | I28: 13 | J28: S-D | K28: OPERATIVA BASE | L28: CE
A29: 99371174 | B29: 38746 | C29: ESTRADA/BOLA&OS/RAUL | D29: ENFERMERA GENERAL CLINICA 80 | E29: VESP | F29: DEPARTAMENTO DE ENFERMERIA | G29: 22 | H29: 21 | I29: 13 | J29: S-D | K29: CUBRE DESCANSOS BASE | L29: CE
A30: 99152413 | B30: 38336 | C30: RAMIREZ GUERRERO CARLOS | D30: AUX DE ENFERMERIA GRAL 80 | E30: VESP | F30: DEPARTAMENTO DE ENFERMERIA | G30: 21 | H30: 4 | I30: 5 | J30: S-D | K30: OPERATIVA BASE | L30: UPP
A31: 99160152 | B31: 36945 | C31: JIMENEZ DOMINGUEZ JULIO CESAR | D31: CAMILLERO EN UNIDADES HOSPITALARIAS 80 | E31: VESP | F31: DEPARTAMENTO DE ENFERMERIA | G31: 21 | H31: 22 | I31: 8 | J31: S-D | K31: CUBRE DESCANSOS BASE | L31: CUH
A32: 99350981 | B32: 38240 | C32: HERNANDEZ/SEVILLA/ALMA KARINA | D32: ENFERMERA ESPECIALISTA 80 EEQX | E32: VESP | F32: DEPARTAMENTO DE ENFERMERIA | G32: 21 | H32: 14 | I32: 9 | J32: S-D | K32: CUBRE DESCANSOS BASE | L32: QX
A33: 99381666 | B33: 38542 | C33: MARTINEZ/SANDOVAL/JOSE LUIS | D33: ENFERMERA GENERAL 80 | E33: VESP | F33: DEPARTAMENTO DE ENFERMERIA | G33: 21 | H33: 23 | I33: 4 | J33: S-D | K33: OPERATIVA BASE | L33: CE
A34: 99381684 | B34: 38162 | C34: GAMERO GARCIA YOLANDA MARIEL | D34: ENFERMERA JEFE DE PISO 80 | E34: VESP | F34: DEPARTAMENTO DE ENFERMERIA | G34: 21 | H34: 15 | I34: 13 | J34: S-D | K34: OPERATIVA BASE | L34: 0
A35: 99370975 | B35: 38168 | C35: MARTINEZ/CALIXTO/CAROLINA | D35: ENFERMERA JEFE DE PISO 80 | E35: VESP | F35: DEPARTAMENTO DE ENFERMERIA | G35: 21 | H35: 12 | I35: 9 | J35: S-D | K35: OPERATIVA BASE | L35: 0
A36: 99361644 | B36: 38112 | C36: CARPINTERO/BIXANO/MARIA DOLORES | D36: N41 SUBJ ENF UM A 80 | E36: VESP | F36: DEPARTAMENTO DE ENFERMERIA | G36: 21 | H36: 19 | I36: 5 | J36: D-L | K36: CONFIANZA
A37: 12145777 | B37: 38757 | C37: ROJAS/DAVALOS/ERIC | D37: ENFERMERA GENERAL 80 | E37: VESP | F37: DEPARTAMENTO DE ENFERMERIA | G37: 20 | H37: 4 | I37: 0 | J37: S-D | K37: CUBRE DESCANSOS BASE | L37: URG
A38: 99363089 | B38: 38587 | C38: RUIZ HERNANDEZ ANGELICA | D38: ENFERMERA GENERAL 80 | E38: VESP | F38: DEPARTAMENTO DE ENFERMERIA | G38: 20 | H38: 14 | I38: 0 | J38: S-D | K38: OPERATIVA BASE | L38: CG
A39: 11776501 | B39: 38163 | C39: VAZQUEZ DEL MERCADO/ZUNIGA/VIOLETA | D39: ENFERMERA JEFE DE PISO 80 | E39: VESP | F39: DEPARTAMENTO DE ENFERMERIA | G39: 20 | H39: 22 | I39: 14 | J39: S-D | K39: OPERATIVA BASE | L39: 0
A40: 99154468 | B40: 38793 | C40: FUENTES CASTILLO BLANCA CAROLINA | D40: ENFERMERA GENERAL 80 | E40: VESP | F40: DEPARTAMENTO DE ENFERMERIA | G40: 19 | H40: 16 | I40: 3 | J40: S-D | K40: CUBRE VACACIONES BASE | L40: CE
A41: 99352658 | B41: 38530 | C41: ROJO/MENDOZA/JULIO CESAR | D41: ENFERMERA GENERAL 80 | E41: VESP | F41: DEPARTAMENTO DE ENFERMERIA | G41: 18 | H41: 3 | I41: 1 | J41: V-S | K41: OPERATIVA BASE | L41: MI
A42: 99352750 | B42: 38300 | C42: CORNEJO HERNANDEZ JORGE | D42: AUX DE ENFERMERIA GRAL 80 | E42: VESP | F42: DEPARTAMENTO DE ENFERMERIA | G42: 17 | H42: 8 | I42: 13 | J42: S-D | K42: OPERATIVA BASE | L42: RX
A43: 99364976 | B43: 38314 | C43: MARTINEZ GARIBAY JUAN MANUEL | D43: AUX DE ENFERMERIA GRAL 80 | E43: VESP | F43: DEPARTAMENTO DE ENFERMERIA | G43: 17 | H43: 18 | I43: 13 | J43: S-D | K43: OPERATIVA BASE | L43: UCIN
A44: 99157338 | B44: 38521 | C44: VAZQUEZ/GONZALEZ/ARIADNE | D44: AUX DE ENFERMERIA GRAL 80 | E44: VESP | F44: DEPARTAMENTO DE ENFERMERIA | G44: 17 | H44: 5 | I44: 13 | J44: S-D | K44: OPERATIVA BASE | L44: CE
A45: 99156979 | B45: 37831 | C45: RAZO/HERNANDEZ/ABRAHAM BERNARDO | D45: CAMILLERO EN UNIDADES HOSPITALARIAS 80 | E45: VESP | F45: DEPARTAMENTO DE ENFERMERIA | G45: 17 | H45: 2 | I45: 2 | J45: S-D | K45: OPERATIVA BASE | L45: CUH
A46: 99365237 | B46: 38142 | C46: TALAVERA GARCIA MARIA ELENA | D46: ENFERMERA ESPECIALISTA 80 EEP | E46: VESP | F46: DEPARTAMENTO DE ENFERMERIA | G46: 17 | H46: 7 | I46: 1 | J46: D-L | K46: OPERATIVA BASE | L46: UCIN
A47: 99154138 | B47: 38541 | C47: CABRERA HUERTA CAROLINA | D47: ENFERMERA GENERAL 80 | E47: VESP | F47: DEPARTAMENTO DE ENFERMERIA | G47: 17 | H47: 4 | I47: 7 | J47: S-D | K47: OPERATIVA BASE | L47: CE
A48: 99156997 | B48: 38527 | C48: HERNANDEZ CURIEL ALBERTO JORGE | D48: ENFERMERA GENERAL 80 | E48: VESP | F48: DEPARTAMENTO DE ENFERMERIA | G48: 17 | H48: 1 | I48: 3 | J48: S-D | K48: OPERATIVA BASE | L48: QX
A49: 99366020 | B49: 38792 | C49: MARTINEZ RODRIGUEZ BELEM | D49: ENFERMERA GENERAL 80 | E49: VESP | F49: DEPARTAMENTO DE ENFERMERIA | G49: 17 | H49: 7 | I49: 4 | J49: S-D | K49: CUBRE VACACIONES BASE | L49: QX
A50: 99353252 | B50: 38561 | C50: PEREZ/RODRIGUEZ/HUGO | D50: ENFERMERA GENERAL CLINICA 80 | E50: VESP | F50: DEPARTAMENTO DE ENFERMERIA | G50: 17 | H50: 9 | I50: 4 | J50: D-L | K50: OPERATIVA BASE | L50: URG
A51: 99386316 | B51: 38577 | C51: TLAYECATL RAMIREZ SONIA EDITH | D51: ENFERMERA GENERAL CLINICA 80 | E51: VESP | F51: DEPARTAMENTO DE ENFERMERIA | G51: 17 | H51: 12 | I51: 1 | J51: S-D | K51: OPERATIVA BASE | L51: UTQ
... A55: 98150577 | B55: 38299 | C55: VAZQUEZ/HERNANDEZ/TANIA LIZETH | D55: AUX DE ENFERMERIA GRAL 80 | E55: VESP | F55: DEPARTAMENTO DE ENFERMERIA | G55: 15 | H55: 9 | I55: 10 | J55: S-D | K55: OPERATIVA BASE | L55: CL CATET
A56: 99354952 | B56: 38815 | C56: LOMELI RAMIREZ ERANDY GUADALUPE | D56: ENF ESPEC SALUD PUBL 80 | E56: VESP | F56: DEPARTAMENTO DE ENFERMERIA | G56: 15 | H56: 7 | I56: 8 | J56: S-D | K56: OPERATIVA BASE | L56: 0
A57: 99355380 | B57: 38195 | C57: PEREZ HERNANDEZ TERESA | D57: ENFERMERA ESPECIALISTA 80 EEI | E57: VESP | F57: DEPARTAMENTO DE ENFERMERIA | G57: 15 | H57: 7 | I57: 3 | J57: S-D | K57: OPERATIVA BASE | L57: UCIA
A58: 99159792 | B58: 38231 | C58: BOLA&OS/PALAFOX/LILIANA | D58: ENFERMERA ESPECIALISTA 80 EEQX | E58: VESP | F58: DEPARTAMENTO DE ENFERMERIA | G58: 15 | H58: 23 | I58: 8 | J58: S-D | K58: OPERATIVA BASE | L58: QX
A59: 98150387 | B59: 38600 | C59: BLANCO ORTEGA LUCIANA | D59: ENFERMERA GENERAL 80 | E59: VESP | F59: DEPARTAMENTO DE ENFERMERIA | G59: 15 | H59: 1 | I59: 7 | J59: S-D | K59: OPERATIVA BASE | L59: QX
A60: 98150780 | B60: 38533 | C60: CRUZ/JARQUIN/CLAUDIA ANGELICA | D60: ENFERMERA GENERAL 80 | E60: VESP | F60: DEPARTAMENTO DE ENFERMERIA | G60: 15 | H60: 11 | I60: 5 | J60: S-D | K60: OPERATIVA BASE | L60: QX
A61: 98150085 | B61: 38547 | C61: MARTINEZ MONTIEL SULIDEY | D61: ENFERMERA GENERAL 80 | E61: VESP | F61: DEPARTAMENTO DE ENFERMERIA | G61: 15 | H61: 3 | I61: 5 | J61: S-D | K61: OPERATIVA BASE | L61: CG
A62: 98150138 | B62: 38608 | C62: TELLEZ GARCIA MIRYAM ODETH | D62: ENFERMERA GENERAL 80 | E62: VESP | F62: DEPARTAMENTO DE ENFERMERIA | G62: 15 | H62: 16 | I62: 8 | J62: S-D | K62: OPERATIVA BASE | L62: QX
A63: 99159801 | B63: 38531 | C63: GARCIA/LUCIO/IBET | D63: ENFERMERA GENERAL CLINICA 80 | E63: VESP | F63: DEPARTAMENTO DE ENFERMERIA | G63: 15 | H63: 21 | I63: 12 | J63: D-L | K63: OPERATIVA BASE | L63: HEMO
A64: 99368035 | B64: 38586 | C64: HERNANDEZ/ARENAS/MARYCARMEN | D64: ENFERMERA GENERAL CLINICA 80 | E64: VESP | F64: DEPARTAMENTO DE ENFERMERIA | G64: 15 | H64: 18 | I64: 7 | J64: D-L | K64: OPERATIVA BASE | L64: HEMO
A65: 99368561 | B65: 38591 | C65: VAZQUEZ/LEAL/GILBERTO | D65: ENFERMERA GENERAL CLINICA 80 | E65: VESP | F65: DEPARTAMENTO DE ENFERMERIA | G65: 15 | H65: 15 | I65: 11 | J65: S-D | K65: OPERATIVA BASE | L65: DPCA
A66: 95155519 | B66: 38588 | C66: MORA MIRANDA CINTHIA (02) | D66: ENFERMERA GENERAL 80 | E66: VESP | F66: DEPARTAMENTO DE ENFERMERIA | G66: 0 | H66: 0 | I66: 9 | J66: M-M | K66: OPERATIVA BASE | L66: COMISION ZURI DESC V-S
A67: 95155540 | B67: 38540 | C67: MONTIEL BARRAGAN ESTEFANY | D67: ENFERMERA GENERAL 80 | E67: VESP | F67: DEPARTAMENTO DE ENFERMERIA | G67: 0 | H67: 1 | I67: 12 | J67: M-M | K67: OPERATIVA BASE
A68: 95155570 | B68: 38748 | C68: CUEVAS RAMIREZ JOSELYN RUBI (02) | D68: ENFERMERA GENERAL 80 | E68: VESP | F68: DEPARTAMENTO DE ENFERMERIA | G68: 0 | H68: 1 | I68: 0 | J68: L-M | K68: CUBRE DESCANSOS BASE | L68: UTQ | M68: INTERINATO QUEZDA ERIKA | N68: Maricarmen
A69: 96156752 | B69: 38609 | C69: CARBAJAL BUENO DULCE ESMERALDA (02) | D69: ENFERMERA GENERAL CLINICA 80 | E69: VESP | F69: DEPARTAMENTO DE ENFERMERIA | G69: 2 | H69: 16 | I69: 5 | J69: L-M | K69: OPERATIVA BASE | L69: CX GRAL | M69: INTERINATO DE HILDA
A70: 96156582 | B70: 38536 | C70: GARCIA HERNANDEZ MAYRA MIRIAM VICTORIA (02) | D70: ENFERMERA GENERAL CLINICA 80 | E70: VESP | F70: DEPARTAMENTO DE ENFERMERIA | G70: 2 | H70: 19 | I70: 4 | J70: M-M | K70: OPERATIVA BASE | L70: UTQ | M70: BECA DE ELBA J-V
A71: 96156508 | B71: 38793 | C71: ANGELES JUAREZ ARIAN YURITZY | D71: ENFERMERA GENERAL 80 | E71: VESP | F71: DEPARTAMENTO DE ENFERMERIA | G71: 4 | H71: 15 | I71: 6 | J71: L-M | K71: CUBRE VACACIONES BASE | L71: UTQ
A72: 95153151 | B72: 37831 | C72: RODRIGUEZ RAMOS URIEL (02) | D72: CAMILLERO EN UNIDADES HOSPITALARIAS 80 | E72: VESP | F72: DEPARTAMENTO DE ENFERMERIA | G72: 0 | H72: 9 | I72: 1 | J72: S-D | K72: OPERATIVA BASE | L72: ABRHAM COMISION
A73: 98361059 | B73: 38327 | C73: RAMIREZ MEDINA ALAN YAMIL ALMICAR | D73: AUX DE ENFERMERIA GRAL 80 | E73: VESP | F73: DEPARTAMENTO DE ENFERMERIA | J73: D-L | K73: OPERATIVA BASE | L73: CX GRAL
A74: 97159640 | B74: 36945 | C74: SALAZAR PILON EDWIN | D74: CAMILLERO EN UNIDADES HOSPITALARIAS 80 | E74: VESP | F74: DEPARTAMENTO DE ENFERMERIA | G74: 7 | H74: 12 | I74: 8 | J74: M-M | K74: CUBRE DESCANSOS BASE
A75: 96158679 | B75: 38421 | C75: GARNICA CERVANTES JOSELINE MONTSERRAT | D75: AUX DE ENFERMERIA GRAL 80 | E75: VESP | F75: DEPARTAMENTO DE ENFERMERIA | G75: 2 | H75: 2 | I75: 5 | J75: M-M | K75: CUBRE VACACIONES BASE | L75: CX GRAL
A81: 99356558 | B81: 37888 | C81: CERVANTES NAVARRO GERARDO | D81: CAMILLERO EN UNIDADES HOSPITALARIAS 80 | E81: VESP | F81: DEPARTAMENTO DE ENFERMERIA | G81: 14 | H81: 6 | I81: 11 | J81: S-D | K81: OPERATIVA BASE | L81: CUH | N81: Curso Ident Imss 7-8 oct 24
A82: 98370017 | B82: 38213 | C82: MIRELES HERNANDEZ LEZLI | D82: ENFERMERA ESPECIALISTA 80 EEI | E82: VESP | F82: DEPARTAMENTO DE ENFERMERIA | G82: 14 | H82: 16 | I82: 6 | J82: L-M | K82: CUBRE DESCANSOS BASE | L82: UCIA
A83: 99356895 | B83: 38187 | C83: HERNANDEZ ZARMIENTO JUANA GUADALUPE | D83: ENFERMERA ESPECIALISTA 80 EEP | E83: VESP | F83: DEPARTAMENTO DE ENFERMERIA | G83: 14 | H83: 9 | I83: 0 | J83: V-S | K83: CUBRE DESCANSOS BASE | L83: PED
A84: 98151817 | B84: 38144 | C84: HERNANDEZ/BAZAN/BERNARDITA | D84: ENFERMERA ESPECIALISTA 80 EEP | E84: VESP | F84: DEPARTAMENTO DE ENFERMERIA | G84: 14 | H84: 23 | I84: 2 | J84: S-D | K84: OPERATIVA BASE | L84: UCIN
A85: 98152987 | B85: 38243 | C85: CRUZALTA/CARRERA/MARTHA NAYELI | D85: ENFERMERA ESPECIALISTA 80 EEQX | E85: VESP | F85: DEPARTAMENTO DE ENFERMERIA | G85: 14 | H85: 13 | I85: 14 | J85: S-D | K85: CUBRE VACACIONES BASE | L85: QX
A86: 99357026 | B86: 38227 | C86: MIRANDA/MANDUJANO/PAOLA | D86: ENFERMERA ESPECIALISTA 80 EEQX | E86: VESP | F86: DEPARTAMENTO DE ENFERMERIA | G86: 14 | H86: 7 | I86: 12 | J86: S-D | K86: OPERATIVA BASE | L86: QX
A87: 98151374 | B87: 38224 | C87: REYES PALOMINO ANEL | D87: ENFERMERA ESPECIALISTA 80 EEQX | E87: VESP | F87: DEPARTAMENTO DE ENFERMERIA | G87: 14 | H87: 20 | I87: 4 | J87: S-D | K87: OPERATIVA BASE | L87: QX | M87: BRISEÑO
A88: 98151372 | B88: 38601 | C88: BRAVO/PACHECO/ANALLELY ZAIRA | D88: ENFERMERA GENERAL 80 | E88: VESP | F88: DEPARTAMENTO DE ENFERMERIA | G88: 14 | H88: 22 | I88: 7 | J88: S-D | K88: OPERATIVA BASE | L88: MI
A89: 99367708 | B89: 38545 | C89: MANOATL BECERRA NORMA ANGELICA | D89: ENFERMERA GENERAL 80 | E89: VESP | F89: DEPARTAMENTO DE ENFERMERIA | G89: 14 | H89: 22 | I89: 1 | J89: S-D | K89: OPERATIVA BASE | L89: URG
A90: 99134547 | B90: 38596 | C90: OROPEZA/PRUDENCIO/CARLOS ALBERTO | D90: ENFERMERA GENERAL 80 | E90: VESP | F90: DEPARTAMENTO DE ENFERMERIA | G90: 14 | H90: 10 | I90: 8 | J90: S-D | K90: OPERATIVA BASE | L90: URG
A91: 98360325 | B91: 38592 | C91: SANCHEZ ZARCO JUAN JOSE | D91: ENFERMERA GENERAL 80 | E91: VESP | F91: DEPARTAMENTO DE ENFERMERIA | G91: 14 | H91: 2 | I91: 13 | J91: S-D | K91: OPERATIVA BASE | L91: QX
A92: 99369299 | B92: 38799 | C92: ARRIAGA/CABRERA/OCTAVIO | D92: ENFERMERA GENERAL CLINICA 80 | E92: VESP | F92: DEPARTAMENTO DE ENFERMERIA | G92: 14 | H92: 12 | I92: 11 | J92: S-D | K92: CUBRE VACACIONES BASE | L92: DPCA
A93: 991418411 | B93: 38535 | C93: MARTINEZ/GARCIA/MONICA | D93: ENFERMERA GENERAL CLINICA 80 | E93: VESP | F93: DEPARTAMENTO DE ENFERMERIA | G93: 14 | H93: 8 | I93: 1 | J93: S-D | K93: OPERATIVA BASE | L93: QUIMIO
A94: 98155222 | B94: 38329 | C94: GALVAN ORTEGA BETSABE | D94: AUX DE ENFERMERIA GRAL 80 | E94: VESP | F94: DEPARTAMENTO DE ENFERMERIA | G94: 13 | H94: 3 | I94: 4 | J94: S-D | K94: OPERATIVA BASE | L94: CE
A95: 99357233 | B95: 38403 | C95: GONZALEZ MORALEZ GUSTAVO JESUS | D95: AUX DE ENFERMERIA GRAL 80 | E95: VESP | F95: DEPARTAMENTO DE ENFERMERIA | G95: 13 | H95: 14 | I95: 10 | J95: S-D | K95: CUBRE DESCANSOS BASE | L95: MI
A96: 98155170 | B96: 38343 | C96: TOVAR ESTRADA AZAHEL MAHORNY | D96: AUX DE ENFERMERIA GRAL 80 | E96: VESP | F96: DEPARTAMENTO DE ENFERMERIA | G96: 13 | H96: 11 | I96: 2 | J96: S-D | K96: OPERATIVA BASE | L96: MI
A97: 99358676 | B97: 37765 | C97: CONTRERAS HERNANDEZ ALMA DELIA | D97: ENFERMERA ESPECIALISTA 80 EEG | E97: VESP | F97: DEPARTAMENTO DE ENFERMERIA | G97: 13 | H97: 1 | I97: 9 | J97: S-D | K97: OPERATIVA BASE | L97: GERIATRIA
A98: 98156217 | B98: 38199 | C98: BARRON GARDUÑO STEPHANIE | D98: ENFERMERA ESPECIALISTA 80 EEI | E98: VESP | F98: DEPARTAMENTO DE ENFERMERIA | G98: 13 | H98: 1 | I98: 9 | J98: M-J | K98: OPERATIVA BASE | L98: UCIA
A99: 99135712 | B99: 38197 | C99: HERNANDEZ DEL VALLE MIGUEL ANGEL | D99: ENFERMERA ESPECIALISTA 80 EEI | E99: VESP | F99: DEPARTAMENTO DE ENFERMERIA | G99: 13 | H99: 18 | I99: 8 | J99: M-M | K99: OPERATIVA BASE | L99: UCIA
A100: 98156205 | B100: 38198 | C100: SANJUAN MORALES CESAR | D100: ENFERMERA ESPECIALISTA 80 EEI | E100: VESP | F100: DEPARTAMENTO DE ENFERMERIA | G100: 13 | H100: 3 | I100: 4 | J100: J-V | K100: OPERATIVA BASE | L100: UCIA
A101: 98156232 | B101: 38141 | C101: GARCIA VAZQUEZ VIRGINIA | D101: ENFERMERA ESPECIALISTA 80 EEP | E101: VESP | F101: DEPARTAMENTO DE ENFERMERIA | G101: 13 | H101: 8 | I101: 1 | J101: J-V | K101: OPERATIVA BASE | L101: PED
A102: 98156532 | B102: 38143 | C102: HIDALGO/SILVERIO/SANDRA | D102: ENFERMERA ESPECIALISTA 80 EEP | E102: VESP | F102: DEPARTAMENTO DE ENFERMERIA | G102: 13 | H102: 0 | I102: 8 | J102: M-M | K102: OPERATIVA BASE | L102: UCIN
A103: 98372283 | B103: 38229 | C103: MARTINEZ/ALVAREZ/SUSANA | D103: ENFERMERA ESPECIALISTA 80 EEQX | E103: VESP | F103: DEPARTAMENTO DE ENFERMERIA | G103: 13 | H103: 20 | I103: 2 | J103: S-D | K103: OPERATIVA BASE | L103: QX
A104: 98156248 | B104: 38233 | C104: ROQUE REYES XOCHITL | D104: ENFERMERA ESPECIALISTA 80 EEQX | E104: VESP | F104: DEPARTAMENTO DE ENFERMERIA | G104: 13 | H104: 7 | I104: 8 | J104: S-D | K104: OPERATIVA BASE | L104: QX
A105: 98156373 | B105: 38225 | C105: SANCHEZ MONROY LUCERO GUADALUPE | D105: ENFERMERA ESPECIALISTA 80 EEQX | E105: VESP | F105: DEPARTAMENTO DE ENFERMERIA | G105: 13 | H105: 3 | I105: 12 | J105: S-D | K105: OPERATIVA BASE | L105: QX
... A127: 98158537 | B127: 37892 | C127: LOPEZ/VICTORIA/CESAR | D127: CAMILLERO EN UNIDADES HOSPITALARIAS 80 | E127: VESP | F127: DEPARTAMENTO DE ENFERMERIA | G127: 12 | H127: 12 | I127: 10 | J127: D-L | K127: OPERATIVA BASE | L127: CUH
A128: 96151129 | B128: 38145 | C128: ARREDONDO PEREZ KEVIN MARIANO | D128: ENFERMERA ESPECIALISTA 80 EEP | E128: VESP | F128: DEPARTAMENTO DE ENFERMERIA | J128: L-M | K128: OPERATIVA BASE | L128: PEDIATRIA | M128: BECA 1/02/25
A129: 96155025 | B129: 38550 | C129: LOPEZ RAMIREZ ARELI | D129: ENFERMERA GENERAL CLINICA 80 | E129: VESP | F129: DEPARTAMENTO DE ENFERMERIA | J129: M-M | K129: OPERATIVA BASE | L129: GINECO
...

Sheet Hoja1
A1: INSTITUTO MEXICANO DEL SEGURO SOCIAL
A2: DIRECCION DE PRESTACIONES MEDICAS COORDINACION DE ATENCION INTREGRAL EN SEGUNDO NIVEL
A3: DEPARTAMENTO DE ENFERMERIA
A4: HOSPITAL GENERAL REGIONAL N0. 200
A5: TECAMAC
A7: NOMBRE: | B7: ROJANO VERDI JOSE ARTURO | J7: CAT: | L7: CAMILLERO DE UNIDADES HOSPITALARIAS | S7: MATRICULA: | V7: 96155509 | Y7: CC | AB7: DESCANSO: | AE7: JORNADA | AH7: No PLAZA | AK7: =VLOOKUP(V7,'PLANTILLA VESP'!A1:L298,2,FALSE) -> #N/A
A9: PISO | D9: SERVICIO | J9: F. INGRESO | P9: TIPO DE PLAZA | T9: =VLOOKUP(V7,'PLANTILLA VESP'!A1:L298,11,FALSE) -> #N/A | Y9: ROL.VAC | AD9: MARCA DE INC | AI9: AÑO: | AK9: 2025
A10: MES/DIA
A11: ENERO | B11: L | C11: M | D11: M-1 | E11: J-2 | F11: V-3 | G11: S-4 | H11: D-5 | I11: L-6 | J11: M-7 | K11: M-8 | L11: J-9 | M11: V-10 | N11: S-11 | O11: D-12 | P11: L-13 | Q11: M-14 | R11: M-15 | S11: J-16 | T11: V-17 | U11: S-18 | V11: D-19 | W11: L-20 | X11: M-21 | Y11: M-22 | Z11: J-23 | AA11: V-24 | AB11: S-25 | AC11: D-26 | AD11: L-27 | AE11: M-28 | AF11: M-29 | AG11: J-30 | AH11: V-31 | AI11: S | AJ11: D | AK11: L | AL11: M
A13: FEBRERO | B13: L | C13: M | D13: M | E13: J | F13: V | G13: S-1 | H13: D-2 | I13: L-3 | J13: M-4 | K13: M-5 | L13: J-6 | M13: V-7 | N13: S-8 | O13: D-9 | P13: L-10 | Q13: M-11 | R13: M-12 | S13: J-13 | T13: V-14 | U13: S-15 | V13: D-16 | W13: L-17 | X13: M-18 | Y13: M-19 | Z13: J-20 | AA13: V-21 | AB13: S-22 | AC13: D-23 | AD13: L-24 | AE13: M-25 | AF13: M-26 | AG13: J-27 | AH13: V- 28 | AI13: S | AJ13: D | AK13: L | AL13: M
A15: MARZO | B15: L | C15: M | D15: M | E15: J | F15: V | G15: S-1 | H15: D-2 | I15: L-3 | J15: M-4 | K15: M-5 | L15: J-6 | M15: V-7 | N15: S-8 | O15: D-9 | P15: L-10 | Q15: M-11 | R15: M-12 | S15: J-13 | T15: V-14 | U15: S-15 | V15: D-16 | W15: L-17 | X15: M-18 | Y15: M-19 | Z15: J-20 | AA15: V-21 | AB15: S-22 | AC15: D-23 | AD15: L-24 | AE15: M-25 | AF15: M-26 | AG15: J-27 | AH15: V- 28 | AI15: S-29 | AJ15: D-30 | AK15: L-31 | AL15: M
A17: ABRIL | B17: L | C17: M-1 | D17: M-2 | E17: J-3 | F17: V-4 | G17: S-5 | H17: D-6 | I17: L-7 | J17: M-8 | K17: M-9 | L17: J-10 | M17: V-11 | N17: S-12 | O17: D-13 | P17: L-14 | Q17: M-15 | R17: M-16 | S17: J-17 | T17: V-18 | U17: S-19 | V17: D-20 | W17: L-21 | X17: M-22 | Y17: M-23 | Z17: J-24 | AA17: V-25 | AB17: S-26 | AC17: D-27 | AD17: L-28 | AE17: M-29 | AF17: M-30 | AG17: J | AH17: V | AI17: S | AJ17: D | AK17: L | AL17: M
A19: MAYO | B19: | | C19: M | D19: M | E19: J-1 | F19: V-2 | G19: S-3 | H19: D-4 | I19: L-5 | J19: M-6 | K19: M-7 | L19: J-8 | M19: V-9 | N19: S-10 | O19: D-11 | P19: L-12 | Q19: M-13 | R19: M-14 | S19: J-15 | T19: V-16 | U19: S-17 | V19: D-18 | W19: L-19 | X19: M-20 | Y19: M-21 | Z19: J-22 | AA19: V-23 | AB19: S-24 | AC19: D-25 | AD19: L-26 | AE19: M-27 | AF19: M-28 | AG19: J-29 | AH19: V-30 | AI19: S-31 | AJ19: D | AK19: L | AL19: M
A21: JUNIO | B21: L | C21: M | D21: M | E21: J | F21: V | G21: S | H21: D-1 | I21: L-2 | J21: M-3 | K21: M-4 | L21: J-5 | M21: V-6 | N21: S-7 | O21: D-8 | P21: L-9 | Q21: M-10 | R21: M-11 | S21: J-12 | T21: V-13 | U21: S-14 | V21: D-15 | W21: L-16 | X21: M-17 | Y21: M-18 | Z21: J-19 | AA21: V-20 | AB21: S-21 | AC21: D-22 | AD21: L-23 | AE21: M-24 | AF21: M-25 | AG21: J-26 | AH21: V- 27 | AI21: S-28 | AJ21: D-29 | AK21: L-30 | AL21: M
A23: JULIO | B23: L | C23: M-1 | D23: M-2 | E23: J-3 | F23: V-4 | G23: S-5 | H23: D-6 | I23: L-7 | J23: M-8 | K23: M-9 | L23: J-10 | M23: V-11 | N23: S-12 | O23: D-13 | P23: L-14 | Q23: M-15 | R23: M-16 | S23: J-17 | T23: V-18 | U23: S-19 | V23: D-20 | W23: L-21 | X23: M-22 | Y23: M-23 | Z23: J-24 | AA23: V-25 | AB23: S-26 | AC23: D-27 | AD23: L-28 | AE23: M-29 | AF23: M-30 | AG23: J-31 | AH23: V | AI23: S | AJ23: D | AK23: L | AL23: M
A25: AGOSTO | B25: L | C25: M | D25: M | E25: J | F25: V-1 | G25: S-2 | H25: D-3 | I25: L-4 | J25: M-5 | K25: M-6 | L25: J-7 | M25: V-8 | N25: S-9 | O25: D-10 | P25: L-11 | Q25: M-12 | R25: M-13 | S25: J-14 | T25: V-15 | U25: S-16 | V25: D-17 | W25: L-18 | X25: M-19 | Y25: M-20 | Z25: J-21 | AA25: V-22 | AB25: S-23 | AC25: D-24 | AD25: L-25 | AE25: M-26 | AF25: M-27 | AG25: J-28 | AH25: V-29 | AI25: S-30 | AJ25: D-31 | AK25: L | AL25: M
A27: SEPTIEMBRE | B27: L-1 | C27: M-2 | D27: M-3 | E27: J-4 | F27: V-5 | G27: S-6 | H27: D-7 | I27: L-8 | J27: M-9 | K27: M-10 | L27: J-11 | M27: V-12 | N27: S-13 | O27: D-14 | P27: L-15 | Q27: M-16 | R27: M-17 | S27: J-18 | T27: V-19 | U27: S-20 | V27: D-21 | W27: L-22 | X27: M-23 | Y27: M-24 | Z27: J-25 | AA27: V- 26 | AB27: S-27 | AC27: D-28 | AD27: L-29 | AE27: M-30 | AF27: M | AG27: J | AH27: V | AI27: S | AJ27: D | AK27: L | AL27: M
A29: OCTUBRE | B29: L | C29: M | D29: M-1 | E29: J-2 | F29: V-3 | G29: S-4 | H29: D-5 | I29: L-6 | J29: M-7 | K29: M-8 | L29: J-9 | M29: V-10 | N29: S-11 | O29: D-12 | P29: L-13 | Q29: M-14 | R29: M-15 | S29: J-16 | T29: V-17 | U29: S-18 | V29: D-19 | W29: L-20 | X29: M-21 | Y29: M-22 | Z29: J-23 | AA29: V-24 | AB29: S-25 | AC29: D-26 | AD29: L-27 | AE29: M-28 | AF29: M-29 | AG29: J-30 | AH29: V-31 | AI29: S | AJ29: D | AK29: L | AL29: M
A31: NOVIEMBRE | B31: L | C31: M | D31: M | E31: J | F31: V | G31: S-1 | H31: D-2 | I31: L-3 | J31: M-4 | K31: M-5 | L31: J-6 | M31: V-7 | N31: S-8 | O31: D-9 | P31: L-10 | Q31: M-11 | R31: M-12 | S31: J-13 | T31: V-14 | U31: S-15 | V31: D-16 | W31: L-17 | X31: M-18 | Y31: M-19 | Z31: J-20 | AA31: V-21 | AB31: S-22 | AC31: D-23 | AD31: L-24 | AE31: M-25 | AF31: M-26 | AG31: J-27 | AH31: V-28 | AI31: S-29 | AJ31: D-30 | AK31: L | AL31: M
A33: DICIEMBRE | B33: L-1 | C33: M-2 | D33: M-3 | E33: J-4 | F33: V-5 | G33: S-6 | H33: D-7 | I33: L-8 | J33: M-9 | K33: M-10 | L33: J-11 | M33: V-12 | N33: S-13 | O33: D-14 | P33: L-15 | Q33: M-16 | R33: M-17 | S33: J-18 | T33: V-19 | U33: S-20 | V33: D-21 | W33: L-22 | X33: M-23 | Y33: M-24 | Z33: J-25 | AA33: V- 26 | AB33: S-27 | AC33: D-28 | AD33: L-29 | AE33: M-30 | AF33: M-31 | AG33: J | AH33: V | AI33: S | AJ33: D | AK33: L | AL33: M
F37: LIC. SANDRA CASTILLO HERNÁNDEZ | AA37: MTRA. AIDEE CASTILLO SANDOVAL
F39: JEFE DE ENFERMERAS | AA39: SUBJEFE DE ENFERMERAS

Sheet Config
A1: Descanso | B1: Dia 1 | C1: Dia 2 | E1: Dias feriados
A2: L-M | B2: 1 | C2: 2 | E2: 45658
A3: M-M | B3: 2 | C3: 3 | E3: 45690
A4: M-J | B4: 3 | C4: 4 | E4: 45732
A5: J-V | B5: 4 | C5: 5 | E5: 45749
A6: V-S | B6: 5 | C6: 6 | E6: 45750
A7: S-D | B7: 6 | C7: 7 | E7: 45751
A8: D-L | B8: 7 | C8: 1 | E8: 45778
E9: 45787
E10: 45915
E11: 45916
E12: 45977
E13: 46016

Sheet BLANCO
A1: INSTITUTO MEXICANO DEL SEGURO SOCIAL
A2: DIRECCION DE PRESTACIONES MEDICAS COORDINACION DE ATENCION INTREGRAL EN SEGUNDO NIVEL
A3: DEPARTAMENTO DE ENFERMERIA
A4: HOSPITAL GENERAL REGIONAL N0. 200
A5: TECAMAC
B7: =VLOOKUP(V7,#REF!,3,0) -> #REF! | N7: CAT: | O7: 99385680 | S7: MATRICULA: | Y7: CC | AB7: DESCANSO: | AE7: =VLOOKUP(V7,#REF!,11,0) -> #REF! | AH7: No PLAZA | AK7: =VLOOKUP(V7,#REF!,2,0) -> #REF!
A9: PISO | D9: SERVICIO | J9: F. INGRESO | P9: TIPO DE PLAZA | U9: =VLOOKUP(V7,#REF!,12,0) -> #REF! | Y9: ROL.VAC | AD9: MARCA DE INC | AI9: AÑO:
A10: MES/DIA
A11: ENERO | B11: L | C11: M | D11: M | E11: J | F11: V-1 | G11: S-2 | H11: D-3 | I11: L-4 | J11: M-5 | K11: M-6 | L11: J-7 | M11: V-8 | N11: S-9 | O11: D-10 | P11: L-11 | Q11: M-12 | R11: M-13 | S11: J-14 | T11: V-15 | U11: S-16 | V11: D-17 | W11: L-18 | X11: M-19 | Y11: M-20 | Z11: J-21 | AA11: V-22 | AB11: S-23 | AC11: D-24 | AD11: L-25 | AE11: M-26 | AF11: M-27 | AG11: J-28 | AH11: V- 29 | AI11: S-30 | AJ11: D-31 | AK11: L | AL11: M
A13: FEBRERO | B13: L-1 | C13: M-2 | D13: M-3 | E13: J-4 | F13: V-5 | G13: S-6 | H13: D-7 | I13: L-8 | J13: M-9 | K13: M-10 | L13: J-11 | M13: V-12 | N13: S-13 | O13: D-14 | P13: L-15 | Q13: M-16 | R13: M-17 | S13: J-18 | T13: V-19 | U13: S-20 | V13: D-21 | W13: L-22 | X13: M-23 | Y13: M-24 | Z13: J-25 | AA13: V-26 | AB13: S-27 | AC13: D-28 | AD13: L | AE13: M | AF13: M | AG13: J | AH13: V | AI13: S | AJ13: D | AK13: L | AL13: M
A15: MARZO | B15: L-1 | C15: M-2 | D15: M-3 | E15: J-4 | F15: V-5 | G15: S-6 | H15: D-7 | I15: L-8 | J15: M-9 | K15: M-10 | L15: J-11 | M15: V-12 | N15: S-13 | O15: D-14 | P15: L-15 | Q15: M-16 | R15: M-17 | S15: J-18 | T15: V-19 | U15: S-20 | V15: D-21 | W15: L-22 | X15: M-23 | Y15: M-24 | Z15: J-25 | AA15: V-26 | AB15: S-27 | AC15: D-28 | AD15: L-29 | AE15: M-30 | AF15: M-31 | AG15: J | AH15: V | AI15: S | AJ15: D | AK15: L | AL15: M
A17: ABRIL | B17: L | C17: M | D17: M | E17: J-1 | F17: V-2 | G17: S-3 | H17: D-4 | I17: L-5 | J17: M-6 | K17: M-7 | L17: J-8 | M17: V-9 | N17: S-10 | O17: D-11 | P17: L-12 | Q17: M-13 | R17: M-14 | S17: J-15 | T17: V-16 | U17: S-17 | V17: D-18 | W17: L-19 | X17: M-20 | Y17: M-21 | Z17: J-22 | AA17: V-23 | AB17: S-24 | AC17: D-25 | AD17: L-26 | AE17: M-27 | AF17: M-28 | AG17: J-29 | AH17: V-30 | AI17: S | AJ17: D | AK17: L | AL17: M
A19: MAYO | B19: L | C19: M | D19: M | E19: J | F19: V | G19: S-1 | H19: D-2 | I19: L-3 | J19: M-4 | K19: M-5 | L19: J-6 | M19: V-7 | N19: S-8 | O19: D-9 | P19: L-10 | Q19: M-11 | R19: M-12 | S19: J-13 | T19: V-14 | U19: S-15 | V19: D-16 | W19: L-17 | X19: M-18 | Y19: M-19 | Z19: J-20 | AA19: V-21 | AB19: S-22 | AC19: D-23 | AD19: L-24 | AE19: M-25 | AF19: M-26 | AG19: J-27 | AH19: V-28 | AI19: S-29 | AJ19: D-30 | AK19: L-31 | AL19: M
A21: JUNIO | B21: L | C21: M-1 | D21: M-2 | E21: J-3 | F21: V-4 | G21: S-5 | H21: D-6 | I21: L-7 | J21: M-8 | K21: M-9 | L21: J-10 | M21: V-11 | N21: S-12 | O21: D-13 | P21: L-14 | Q21: M-15 | R21: M-16 | S21: J-17 | T21: V-18 | U21: S-19 | V21: D-20 | W21: L-21 | X21: M-22 | Y21: M-23 | Z21: J-24 | AA21: V-25 | AB21: S-26 | AC21: D-27 | AD21: L-28 | AE21: M-29 | AF21: M-30 | AG21: J | AH21: V | AI21: S | AJ21: D | AK21: L | AL21: M
A23: JULIO | B23: L | C23: M | D23: M | E23: J-1 | F23: V-2 | G23: S-3 | H23: D-4 | I23: L-5 | J23: M-6 | K23: M-7 | L23: J-8 | M23: V-9 | N23: S-10 | O23: D-11 | P23: L-12 | Q23: M-13 | R23: M-14 | S23: J-15 | T23: V-16 | U23: S-17 | V23: D-18 | W23: L-19 | X23: M-20 | Y23: M-21 | Z23: J-22 | AA23: V-23 | AB23: S-24 | AC23: D-25 | AD23: L-26 | AE23: M-27 | AF23: M-28 | AG23: J-29 | AH23: V-30 | AI23: S-31 | AJ23: D | AK23: L | AL23: M
A25: AGOSTO | B25: L | C25: M | D25: M | E25: J | F25: V | G25: S | H25: D-1 | I25: L-2 | J25: M-3 | K25: M-4 | L25: J-5 | M25: V-6 | N25: S-7 | O25: D-8 | P25: L-9 | Q25: M-10 | R25: M-11 | S25: J-12 | T25: V-13 | U25: S-14 | V25: D-15 | W25: L-16 | X25: M-17 | Y25: M-18 | Z25: J-19 | AA25: V-20 | AB25: S-21 | AC25: D-22 | AD25: L-23 | AE25: M-24 | AF25: M-25 | AG25: J-26 | AH25: V-27 | AI25: S-28 | AJ25: D-29 | AK25: L-30 | AL25: M-31
A27: SEPTIEMBRE | B27: L | C27: M | D27: M-1 | E27: J-2 | F27: V-3 | G27: S-4 | H27: D-5 | I27: L-6 | J27: M-7 | K27: M-8 | L27: J-9 | M27: V-10 | N27: S-11 | O27: D-12 | P27: L-13 | Q27: M-14 | R27: M-15 | S27: J-16 | T27: V-17 | U27: S-18 | V27: D-19 | W27: L-20 | X27: M-21 | Y27: M-22 | Z27: J-23 | AA27: V-24 | AB27: S-25 | AC27: D-26 | AD27: L-27 | AE27: M-28 | AF27: M-29 | AG27: J-30 | AH27: V | AI27: S | AJ27: D | AK27: L | AL27: M
A29: OCTUBRE | B29: L | C29: M | D29: M | E29: J | F29: V-1 | G29: S-2 | H29: D-3 | I29: L-4 | J29: M-5 | K29: M-6 | L29: J-7 | M29: V-8 | N29: S-9 | O29: D-10 | P29: L-11 | Q29: M-12 | R29: M-13 | S29: J-14 | T29: V-15 | U29: S-16 | V29: D-17 | W29: L-18 | X29: M-19 | Y29: M-20 | Z29: J-21 | AA29: V-22 | AB29: S-23 | AC29: D-24 | AD29: L-25 | AE29: M-26 | AF29: M-27 | AG29: J-28 | AH29: V- 29 | AI29: S-30 | AJ29: D-31 | AK29: L | AL29: M
A31: NOVIEMBRE | B31: L-1 | C31: M-2 | D31: M-3 | E31: J-4 | F31: V-5 | G31: S-6 | H31: D-7 | I31: L-8 | J31: M-9 | K31: M-10 | L31: J-11 | M31: V-12 | N31: S-13 | O31: D-14 | P31: L-15 | Q31: M-16 | R31: M-17 | S31: J-18 | T31: V-19 | U31: S-20 | V31: D-21 | W31: L-22 | X31: M-23 | Y31: M-24 | Z31: J-25 | AA31: V-26 | AB31: S-27 | AC31: D-28 | AD31: L-29 | AE31: M-30 | AF31: M | AG31: J | AH31: V | AI31: S | AJ31: D | AK31: L | AL31: M
A33: DICIEMBRE | B33: L | C33: M | D33: M-1 | E33: J-2 | F33: V-3 | G33: S-4 | H33: D-5 | I33: L-6 | J33: M-7 | K33: M-8 | L33: J-9 | M33: V-10 | N33: S-11 | O33: D-12 | P33: L-13 | Q33: M-14 | R33: M-15 | S33: J-16 | T33: V-17 | U33: S-18 | V33: D-19 | W33: L-20 | X33: M-21 | Y33: M-22 | Z33: J-23 | AA33: V-24 | AB33: S-25 | AC33: D-26 | AD33: L-27 | AE33: M-28 | AF33: M-29 | AG33: J-30 | AH33: V-31 | AI33: S | AJ33: D | AK33: L | AL33: M
F37: LIC. JOSE ALBERTO MOCTEZUMA PAREDES | AA37: LIC. CLAUDIA GUADALUPE GONZALEZ SOLIS
F39: JEFE DE ENFERMERAS | AA39: SUBJEFE DE ENFERMERAS
A40: INSTITUTO MEXICANO DEL SEGURO SOCIAL
A41: DIRECCION DE PRESTACIONES MEDICAS COORDINACION DE ATENCION INTREGRAL EN SEGUNDO NIVEL
A42: DEPARTAMENTO DE ENFERMERIA
A43: HOSPITAL GENERAL REGIONAL N0. 200
A44: TECAMAC
B46: =VLOOKUP(V46,#REF!,3,0) -> #REF! | N46: CAT: | P46: =VLOOKUP(V46,#REF!,4,0) -> #REF! | S46: MATRICULA: | V46: 99385680 | Y46: CC | AB46: DESCANSO: | AE46: =VLOOKUP(V46,#REF!,11,0) -> #REF! | AH46: No PLAZA | AK46: =VLOOKUP(V46,#REF!,2,0) -> #REF!
A48: PISO | D48: SERVICIO | J48: F. INGRESO | P48: TIPO DE PLAZA | U48: =VLOOKUP(V46,#REF!,12,0) -> #REF! | Y48: ROL.VAC | AD48: MARCA DE INC | AJ48: AÑO: 2021
A49: MES/DIA
A50: ENERO | B50: L | C50: M | D50: M | E50: J | F50: V-1 | G50: S-2 | H50: D-3 | I50: L-4 | J50: M-5 | K50: M-6 | L50: J-7 | M50: V-8 | N50: S-9 | O50: D-10 | P50: L-11 | Q50: M-12 | R50: M-13 | S50: J-14 | T50: V-15 | U50: S-16 | V50: D-17 | W50: L-18 | X50: M-19 | Y50: M-20 | Z50: J-21 | AA50: V-22 | AB50: S-23 | AC50: D-24 | AD50: L-25 | AE50: M-26 | AF50: M-27 | AG50: J-28 | AH50: V- 29 | AI50: S-30 | AJ50: D-31 | AK50: L | AL50: M
A52: FEBRERO | B52: L-1 | C52: M-2 | D52: M-3 | E52: J-4 | F52: V-5 | G52: S-6 | H52: D-7 | I52: L-8 | J52: M-9 | K52: M-10 | L52: J-11 | M52: V-12 | N52: S-13 | O52: D-14 | P52: L-15 | Q52: M-16 | R52: M-17 | S52: J-18 | T52: V-19 | U52: S-20 | V52: D-21 | W52: L-22 | X52: M-23 | Y52: M-24 | Z52: J-25 | AA52: V-26 | AB52: S-27 | AC52: D-28 | AD52: L | AE52: M | AF52: M | AG52: J | AH52: V | AI52: S | AJ52: D | AK52: L | AL52: M
AI53: }
A54: MARZO | B54: L-1 | C54: M-2 | D54: M-3 | E54: J-4 | F54: V-5 | G54: S-6 | H54: D-7 | I54: L-8 | J54: M-9 | K54: M-10 | L54: J-11 | M54: V-12 | N54: S-13 | O54: D-14 | P54: L-15 | Q54: M-16 | R54: M-17 | S54: J-18 | T54: V-19 | U54: S-20 | V54: D-21 | W54: L-22 | X54: M-23 | Y54: M-24 | Z54: J-25 | AA54: V-26 | AB54: S-27 | AC54: D-28 | AD54: L-29 | AE54: M-30 | AF54: M-31 | AG54: J | AH54: V | AI54: S | AJ54: D | AK54: L | AL54: M
A56: ABRIL | B56: L | C56: M | D56: M | E56: J-1 | F56: V-2 | G56: S-3 | H56: D-4 | I56: L-5 | J56: M-6 | K56: M-7 | L56: J-8 | M56: V-9 | N56: S-10 | O56: D-11 | P56: L-12 | Q56: M-13 | R56: M-14 | S56: J-15 | T56: V-16 | U56: S-17 | V56: D-18 | W56: L-19 | X56: M-20 | Y56: M-21 | Z56: J-22 | AA56: V-23 | AB56: S-24 | AC56: D-25 | AD56: L-26 | AE56: M-27 | AF56: M-28 | AG56: J-29 | AH56: V-30 | AI56: S | AJ56: D | AK56: L | AL56: M
A58: MAYO | B58: L | C58: M | D58: M | E58: J | F58: V | G58: S-1 | H58: D-2 | I58: L-3 | J58: M-4 | K58: M-5 | L58: J-6 | M58: V-7 | N58: S-8 | O58: D-9 | P58: L-10 | Q58: M-11 | R58: M-12 | S58: J-13 | T58: V-14 | U58: S-15 | V58: D-16 | W58: L-17 | X58: M-18 | Y58: M-19 | Z58: J-20 | AA58: V-21 | AB58: S-22 | AC58: D-23 | AD58: L-24 | AE58: M-25 | AF58: M-26 | AG58: J-27 | AH58: V-28 | AI58: S-29 | AJ58: D-30 | AK58: L-31 | AL58: M
A60: JUNIO | B60: L | C60: M-1 | D60: M-2 | E60: J-3 | F60: V-4 | G60: S-5 | H60: D-6 | I60: L-7 | J60: M-8 | K60: M-9 | L60: J-10 | M60: V-11 | N60: S-12 | O60: D-13 | P60: L-14 | Q60: M-15 | R60: M-16 | S60: J-17 | T60: V-18 | U60: S-19 | V60: D-20 | W60: L-21 | X60: M-22 | Y60: M-23 | Z60: J-24 | AA60: V-25 | AB60: S-26 | AC60: D-27 | AD60: L-28 | AE60: M-29 | AF60: M-30 | AG60: J | AH60: V | AI60: S | AJ60: D | AK60: L | AL60: M
A62: JULIO | B62: L | C62: M | D62: M | E62: J-1 | F62: V-2 | G62: S-3 | H62: D-4 | I62: L-5 | J62: M-6 | K62: M-7 | L62: J-8 | M62: V-9 | N62: S-10 | O62: D-11 | P62: L-12 | Q62: M-13 | R62: M-14 | S62: J-15 | T62: V-16 | U62: S-17 | V62: D-18 | W62: L-19 | X62: M-20 | Y62: M-21 | Z62: J-22 | AA62: V-23 | AB62: S-24 | AC62: D-25 | AD62: L-26 | AE62: M-27 | AF62: M-28 | AG62: J-29 | AH62: V-30 | AI62: S-31 | AJ62: D | AK62: L | AL62: M
A64: AGOSTO | B64: L | C64: M | D64: M | E64: J | F64: V | G64: S | H64: D-1 | I64: L-2 | J64: M-3 | K64: M-4 | L64: J-5 | M64: V-6 | N64: S-7 | O64: D-8 | P64: L-9 | Q64: M-10 | R64: M-11 | S64: J-12 | T64: V-13 | U64: S-14 | V64: D-15 | W64: L-16 | X64: M-17 | Y64: M-18 | Z64: J-19 | AA64: V-20 | AB64: S-21 | AC64: D-22 | AD64: L-23 | AE64: M-24 | AF64: M-25 | AG64: J-26 | AH64: V-27 | AI64: S-28 | AJ64: D-29 | AK64: L-30 | AL64: M-31
A66: SEPTIEMBRE | B66: L | C66: M | D66: M-1 | E66: J-2 | F66: V-3 | G66: S-4 | H66: D-5 | I66: L-6 | J66: M-7 | K66: M-8 | L66: J-9 | M66: V-10 | N66: S-11 | O66: D-12 | P66: L-13 | Q66: M-14 | R66: M-15 | S66: J-16 | T66: V-17 | U66: S-18 | V66: D-19 | W66: L-20 | X66: M-21 | Y66: M-22 | Z66: J-23 | AA66: V-24 | AB66: S-25 | AC66: D-26 | AD66: L-27 | AE66: M-28 | AF66: M-29 | AG66: J-30 | AH66: V | AI66: S | AJ66: D | AK66: L | AL66: M
A68: OCTUBRE | B68: L | C68: M | D68: M | E68: J | F68: V-1 | G68: S-2 | H68: D-3 | I68: L-4 | J68: M-5 | K68: M-6 | L68: J-7 | M68: V-8 | N68: S-9 | O68: D-10 | P68: L-11 | Q68: M-12 | R68: M-13 | S68: J-14 | T68: V-15 | U68: S-16 | V68: D-17 | W68: L-18 | X68: M-19 | Y68: M-20 | Z68: J-21 | AA68: V-22 | AB68: S-23 | AC68: D-24 | AD68: L-25 | AE68: M-26 | AF68: M-27 | AG68: J-28 | AH68: V- 29 | AI68: S-30 | AJ68: D-31 | AK68: L | AL68: M
A70: NOVIEMBRE | B70: L-1 | C70: M-2 | D70: M-3 | E70: J-4 | F70: V-5 | G70: S-6 | H70: D-7 | I70: L-8 | J70: M-9 | K70: M-10 | L70: J-11 | M70: V-12 | N70: S-13 | O70: D-14 | P70: L-15 | Q70: M-16 | R70: M-17 | S70: J-18 | T70: V-19 | U70: S-20 | V70: D-21 | W70: L-22 | X70: M-23 | Y70: M-24 | Z70: J-25 | AA70: V-26 | AB70: S-27 | AC70: D-28 | AD70: L-29 | AE70: M-30 | AF70: M | AG70: J | AH70: V | AI70: S | AJ70: D | AK70: L | AL70: M
A72: DICIEMBRE | B72: L | C72: M | D72: M-1 | E72: J-2 | F72: V-3 | G72: S-4 | H72: D-5 | I72: L-6 | J72: M-7 | K72: M-8 | L72: J-9 | M72: V-10 | N72: S-11 | O72: D-12 | P72: L-13 | Q72: M-14 | R72: M-15 | S72: J-16 | T72: V-17 | U72: S-18 | V72: D-19 | W72: L-20 | X72: M-21 | Y72: M-22 | Z72: J-23 | AA72: V-24 | AB72: S-25 | AC72: D-26 | AD72: L-27 | AE72: M-28 | AF72: M-29 | AG72: J-30 | AH72: V-31 | AI72: S | AJ72: D | AK72: L | AL72: M
F76: LIC. JOSE ALBERTO MOCTEZUMA PAREDES | AA76: LIC. ALMA ROCIO GONZALEZ QUIROZ
F78: JEFE DE ENFERMERAS | AA78: SUBJEFE DE ENFERMERAS
A79: INSTITUTO MEXICANO DEL SEGURO SOCIAL
A80: DIRECCION DE PRESTACIONES MEDICAS COORDINACION DE ATENCION INTREGRAL EN SEGUNDO NIVEL
A81: DEPARTAMENTO DE ENFERMERIA
A82: HOSPITAL GENERAL REGIONAL N0. 200
A83: TECAMAC
B85: =VLOOKUP(V85,#REF!,3,0) -> #REF! | N85: CAT: | P85: =VLOOKUP(V85,#REF!,4,0) -> #REF! | S85: MATRICULA: | V85: 99351924 | Y85: CC | AB85: DESCANSO: | AE85: =VLOOKUP(V85,#REF!,11,0) -> #REF! | AH85: No PLAZA | AK85: =VLOOKUP(V85,#REF!,2,0) -> #REF!
A87: PISO | D87: SERVICIO | J87: F. INGRESO | P87: TIPO DE PLAZA | U87: =VLOOKUP(V85,#REF!,12,0) -> #REF! | Y87: ROL.VAC | AD87: MARCA DE INC | AJ87: AÑO: 2021
A88: MES/DIA
A89: ENERO | B89: L | C89: M | D89: M | E89: J | F89: V-1 | G89: S-2 | H89: D-3 | I89: L-4 | J89: M-5 | K89: M-6 | L89: J-7 | M89: V-8 | N89: S-9 | O89: D-10 | P89: L-11 | Q89: M-12 | R89: M-13 | S89: J-14 | T89: V-15 | U89: S-16 | V89: D-17 | W89: L-18 | X89: M-19 | Y89: M-20 | Z89: J-21 | AA89: V-22 | AB89: S-23 | AC89: D-24 | AD89: L-25 | AE89: M-26 | AF89: M-27 | AG89: J-28 | AH89: V- 29 | AI89: S-30 | AJ89: D-31 | AK89: L | AL89: M
A91: FEBRERO | B91: L-1 | C91: M-2 | D91: M-3 | E91: J-4 | F91: V-5 | G91: S-6 | H91: D-7 | I91: L-8 | J91: M-9 | K91: M-10 | L91: J-11 | M91: V-12 | N91: S-13 | O91: D-14 | P91: L-15 | Q91: M-16 | R91: M-17 | S91: J-18 | T91: V-19 | U91: S-20 | V91: D-21 | W91: L-22 | X91: M-23 | Y91: M-24 | Z91: J-25 | AA91: V-26 | AB91: S-27 | AC91: D-28 | AD91: L | AE91: M | AF91: M | AG91: J | AH91: V | AI91: S | AJ91: D | AK91: L | AL91: M
AI92: }
A93: MARZO | B93: L-1 | C93: M-2 | D93: M-3 | E93: J-4 | F93: V-5 | G93: S-6 | H93: D-7 | I93: L-8 | J93: M-9 | K93: M-10 | L93: J-11 | M93: V-12 | N93: S-13 | O93: D-14 | P93: L-15 | Q93: M-16 | R93: M-17 | S93: J-18 | T93: V-19 | U93: S-20 | V93: D-21 | W93: L-22 | X93: M-23 | Y93: M-24 | Z93: J-25 | AA93: V-26 | AB93: S-27 | AC93: D-28 | AD93: L-29 | AE93: M-30 | AF93: M-31 | AG93: J | AH93: V | AI93: S | AJ93: D | AK93: L | AL93: M
A95: ABRIL | B95: L | C95: M | D95: M | E95: J-1 | F95: V-2 | G95: S-3 | H95: D-4 | I95: L-5 | J95: M-6 | K95: M-7 | L95: J-8 | M95: V-9 | N95: S-10 | O95: D-11 | P95: L-12 | Q95: M-13 | R95: M-14 | S95: J-15 | T95: V-16 | U95: S-17 | V95: D-18 | W95: L-19 | X95: M-20 | Y95: M-21 | Z95: J-22 | AA95: V-23 | AB95: S-24 | AC95: D-25 | AD95: L-26 | AE95: M-27 | AF95: M-28 | AG95: J-29 | AH95: V-30 | AI95: S | AJ95: D | AK95: L | AL95: M
A97: MAYO | B97: L | C97: M | D97: M | E97: J | F97: V | G97: S-1 | H97: D-2 | I97: L-3 | J97: M-4 | K97: M-5 | L97: J-6 | M97: V-7 | N97: S-8 | O97: D-9 | P97: L-10 | Q97: M-11 | R97: M-12 | S97: J-13 | T97: V-14 | U97: S-15 | V97: D-16 | W97: L-17 | X97: M-18 | Y97: M-19 | Z97: J-20 | AA97: V-21 | AB97: S-22 | AC97: D-23 | AD97: L-24 | AE97: M-25 | AF97: M-26 | AG97: J-27 | AH97: V-28 | AI97: S-29 | AJ97: D-30 | AK97: L-31 | AL97: M
A99: JUNIO | B99: L | C99: M-1 | D99: M-2 | E99: J-3 | F99: V-4 | G99: S-5 | H99: D-6 | I99: L-7 | J99: M-8 | K99: M-9 | L99: J-10 | M99: V-11 | N99: S-12 | O99: D-13 | P99: L-14 | Q99: M-15 | R99: M-16 | S99: J-17 | T99: V-18 | U99: S-19 | V99: D-20 | W99: L-21 | X99: M-22 | Y99: M-23 | Z99: J-24 | AA99: V-25 | AB99: S-26 | AC99: D-27 | AD99: L-28 | AE99: M-29 | AF99: M-30 | AG99: J | AH99: V | AI99: S | AJ99: D | AK99: L | AL99: M
A101: JULIO | B101: L | C101: M | D101: M | E101: J-1 | F101: V-2 | G101: S-3 | H101: D-4 | I101: L-5 | J101: M-6 | K101: M-7 | L101: J-8 | M101: V-9 | N101: S-10 | O101: D-11 | P101: L-12 | Q101: M-13 | R101: M-14 | S101: J-15 | T101: V-16 | U101: S-17 | V101: D-18 | W101: L-19 | X101: M-20 | Y101: M-21 | Z101: J-22 | AA101: V-23 | AB101: S-24 | AC101: D-25 | AD101: L-26 | AE101: M-27 | AF101: M-28 | AG101: J-29 | AH101: V-30 | AI101: S-31 | AJ101: D | AK101: L | AL101: M
A103: AGOSTO | B103: L | C103: M | D103: M | E103: J | F103: V | G103: S | H103: D-1 | I103: L-2 | J103: M-3 | K103: M-4 | L103: J-5 | M103: V-6 | N103: S-7 | O103: D-8 | P103: L-9 | Q103: M-10 | R103: M-11 | S103: J-12 | T103: V-13 | U103: S-14 | V103: D-15 | W103: L-16 | X103: M-17 | Y103: M-18 | Z103: J-19 | AA103: V-20 | AB103: S-21 | AC103: D-22 | AD103: L-23 | AE103: M-24 | AF103: M-25 | AG103: J-26 | AH103: V-27 | AI103: S-28 | AJ103: D-29 | AK103: L-30 | AL103: M-31
A105: SEPTIEMBRE | B105: L | C105: M | D105: M-1 | E105: J-2 | F105: V-3 | G105: S-4 | H105: D-5 | I105: L-6 | J105: M-7 | K105: M-8 | L105: J-9 | M105: V-10 | N105: S-11 | O105: D-12 | P105: L-13 | Q105: M-14 | R105: M-15 | S105: J-16 | T105: V-17 | U105: S-18 | V105: D-19 | W105: L-20 | X105: M-21 | Y105: M-22 | Z105: J-23 | AA105: V-24 | AB105: S-25 | AC105: D-26 | AD105: L-27 | AE105: M-28 | AF105: M-29 | AG105: J-30 | AH105: V | AI105: S | AJ105: D | AK105: L | AL105: M
A107: OCTUBRE | B107: L | C107: M | D107: M | E107: J | F107: V-1 | G107: S-2 | H107: D-3 | I107: L-4 | J107: M-5 | K107: M-6 | L107: J-7 | M107: V-8 | N107: S-9 | O107: D-10 | P107: L-11 | Q107: M-12 | R107: M-13 | S107: J-14 | T107: V-15 | U107: S-16 | V107: D-17 | W107: L-18 | X107: M-19 | Y107: M-20 | Z107: J-21 | AA107: V-22 | AB107: S-23 | AC107: D-24 | AD107: L-25 | AE107: M-26 | AF107: M-27 | AG107: J-28 | AH107: V- 29 | AI107: S-30 | AJ107: D-31 | AK107: L | AL107: M
A109: NOVIEMBRE | B109: L-1 | C109: M-2 | D109: M-3 | E109: J-4 | F109: V-5 | G109: S-6 | H109: D-7 | I109: L-8 | J109: M-9 | K109: M-10 | L109: J-11 | M109: V-12 | N109: S-13 | O109: D-14 | P109: L-15 | Q109: M-16 | R109: M-17 | S109: J-18 | T109: V-19 | U109: S-20 | V109: D-21 | W109: L-22 | X109: M-23 | Y109: M-24 | Z109: J-25 | AA109: V-26 | AB109: S-27 | AC109: D-28 | AD109: L-29 | AE109: M-30 | AF109: M | AG109: J | AH109: V | AI109: S | AJ109: D | AK109: L | AL109: M
A111: DICIEMBRE | B111: L | C111: M | D111: M-1 | E111: J-2 | F111: V-3 | G111: S-4 | H111: D-5 | I111: L-6 | J111: M-7 | K111: M-8 | L111: J-9 | M111: V-10 | N111: S-11 | O111: D-12 | P111: L-13 | Q111: M-14 | R111: M-15 | S111: J-16 | T111: V-17 | U111: S-18 | V111: D-19 | W111: L-20 | X111: M-21 | Y111: M-22 | Z111: J-23 | AA111: V-24 | AB111: S-25 | AC111: D-26 | AD111: L-27 | AE111: M-28 | AF111: M-29 | AG111: J-30 | AH111: V-31 | AI111: S | AJ111: D | AK111: L | AL111: M
F115: LIC. JOSE ALBERTO MOCTEZUMA PAREDES | AA115: LIC. ALMA ROCIO GONZALEZ QUIROZ
F117: JEFE DE ENFERMERAS | AA117: SUBJEFE DE ENFERMERAS
A118: INSTITUTO MEXICANO DEL SEGURO SOCIAL
A119: DIRECCION DE PRESTACIONES MEDICAS COORDINACION DE ATENCION INTREGRAL EN SEGUNDO NIVEL
A120: DEPARTAMENTO DE ENFERMERIA
A121: HOSPITAL GENERAL REGIONAL N0. 200
A122: TECAMAC
B124: =VLOOKUP(V124,#REF!,3,0) -> #REF! | N124: CAT: | P124: =VLOOKUP(V124,#REF!,4,0) -> #REF! | S124: MATRICULA: | V124: 99154115 | Y124: CC | AB124: DESCANSO: | AE124: =VLOOKUP(BLANCO!V124:X124,10,BLANCO!A122:AL122) -> #VALUE! | AH124: No PLAZA | AK124: =VLOOKUP(V124,#REF!,2,0) -> #REF!
A126: PISO | D126: SERVICIO | J126: F. INGRESO | P126: TIPO DE PLAZA | U126: =VLOOKUP(V124,#REF!,12,0) -> #REF! | Y126: ROL.VAC | AD126: MARCA DE INC | AJ126: AÑO: 2021
A127: MES/DIA
A128: ENERO | B128: L | C128: M | D128: M | E128: J | F128: V-1 | G128: S-2 | H128: D-3 | I128: L-4 | J128: M-5 | K128: M-6 | L128: J-7 | M128: V-8 | N128: S-9 | O128: D-10 | P128: L-11 | Q128: M-12 | R128: M-13 | S128: J-14 | T128: V-15 | U128: S-16 | V128: D-17 | W128: L-18 | X128: M-19 | Y128: M-20 | Z128: J-21 | AA128: V-22 | AB128: S-23 | AC128: D-24 | AD128: L-25 | AE128: M-26 | AF128: M-27 | AG128: J-28 | AH128: V- 29 | AI128: S-30 | AJ128: D-31 | AK128: L | AL128: M
A130: FEBRERO | B130: L-1 | C130: M-2 | D130: M-3 | E130: J-4 | F130: V-5 | G130: S-6 | H130: D-7 | I130: L-8 | J130: M-9 | K130: M-10 | L130: J-11 | M130: V-12 | N130: S-13 | O130: D-14 | P130: L-15 | Q130: M-16 | R130: M-17 | S130: J-18 | T130: V-19 | U130: S-20 | V130: D-21 | W130: L-22 | X130: M-23 | Y130: M-24 | Z130: J-25 | AA130: V-26 | AB130: S-27 | AC130: D-28 | AD130: L | AE130: M | AF130: M | AG130: J | AH130: V | AI130: S | AJ130: D | AK130: L | AL130: M
AI131: }
A132: MARZO | B132: L-1 | C132: M-2 | D132: M-3 | E132: J-4 | F132: V-5 | G132: S-6 | H132: D-7 | I132: L-8 | J132: M-9 | K132: M-10 | L132: J-11 | M132: V-12 | N132: S-13 | O132: D-14 | P132: L-15 | Q132: M-16 | R132: M-17 | S132: J-18 | T132: V-19 | U132: S-20 | V132: D-21 | W132: L-22 | X132: M-23 | Y132: M-24 | Z132: J-25 | AA132: V-26 | AB132: S-27 | AC132: D-28 | AD132: L-29 | AE132: M-30 | AF132: M-31 | AG132: J | AH132: V | AI132: S | AJ132: D | AK132: L | AL132: M
A134: ABRIL | B134: L | C134: M | D134: M | E134: J-1 | F134: V-2 | G134: S-3 | H134: D-4 | I134: L-5 | J134: M-6 | K134: M-7 | L134: J-8 | M134: V-9 | N134: S-10 | O134: D-11 | P134: L-12 | Q134: M-13 | R134: M-14 | S134: J-15 | T134: V-16 | U134: S-17 | V134: D-18 | W134: L-19 | X134: M-20 | Y134: M-21 | Z134: J-22 | AA134: V-23 | AB134: S-24 | AC134: D-25 | AD134: L-26 | AE134: M-27 | AF134: M-28 | AG134: J-29 | AH134: V-30 | AI134: S | AJ134: D | AK134: L | AL134: M
A136: MAYO | B136: L | C136: M | D136: M | E136: J | F136: V | G136: S-1 | H136: D-2 | I136: L-3 | J136: M-4 | K136: M-5 | L136: J-6 | M136: V-7 | N136: S-8 | O136: D-9 | P136: L-10 | Q136: M-11 | R136: M-12 | S136: J-13 | T136: V-14 | U136: S-15 | V136: D-16 | W136: L-17 | X136: M-18 | Y136: M-19 | Z136: J-20 | AA136: V-21 | AB136: S-22 | AC136: D-23 | AD136: L-24 | AE136: M-25 | AF136: M-26 | AG136: J-27 | AH136: V-28 | AI136: S-29 | AJ136: D-30 | AK136: L-31 | AL136: M
A138: JUNIO | B138: L | C138: M-1 | D138: M-2 | E138: J-3 | F138: V-4 | G138: S-5 | H138: D-6 | I138: L-7 | J138: M-8 | K138: M-9 | L138: J-10 | M138: V-11 | N138: S-12 | O138: D-13 | P138: L-14 | Q138: M-15 | R138: M-16 | S138: J-17 | T138: V-18 | U138: S-19 | V138: D-20 | W138: L-21 | X138: M-22 | Y138: M-23 | Z138: J-24 | AA138: V-25 | AB138: S-26 | AC138: D-27 | AD138: L-28 | AE138: M-29 | AF138: M-30 | AG138: J | AH138: V | AI138: S | AJ138: D | AK138: L | AL138: M
A140: JULIO | B140: L | C140: M | D140: M | E140: J-1 | F140: V-2 | G140: S-3 | H140: D-4 | I140: L-5 | J140: M-6 | K140: M-7 | L140: J-8 | M140: V-9 | N140: S-10 | O140: D-11 | P140: L-12 | Q140: M-13 | R140: M-14 | S140: J-15 | T140: V-16 | U140: S-17 | V140: D-18 | W140: L-19 | X140: M-20 | Y140: M-21 | Z140: J-22 | AA140: V-23 | AB140: S-24 | AC140: D-25 | AD140: L-26 | AE140: M-27 | AF140: M-28 | AG140: J-29 | AH140: V-30 | AI140: S-31 | AJ140: D | AK140: L | AL140: M
A142: AGOSTO | B142: L | C142: M | D142: M | E142: J | F142: V | G142: S | H142: D-1 | I142: L-2 | J142: M-3 | K142: M-4 | L142: J-5 | M142: V-6 | N142: S-7 | O142: D-8 | P142: L-9 | Q142: M-10 | R142: M-11 | S142: J-12 | T142: V-13 | U142: S-14 | V142: D-15 | W142: L-16 | X142: M-17 | Y142: M-18 | Z142: J-19 | AA142: V-20 | AB142: S-21 | AC142: D-22 | AD142: L-23 | AE142: M-24 | AF142: M-25 | AG142: J-26 | AH142: V-27 | AI142: S-28 | AJ142: D-29 | AK142: L-30 | AL142: M-31
A144: SEPTIEMBRE | B144: L | C144: M | D144: M-1 | E144: J-2 | F144: V-3 | G144: S-4 | H144: D-5 | I144: L-6 | J144: M-7 | K144: M-8 | L144: J-9 | M144: V-10 | N144: S-11 | O144: D-12 | P144: L-13 | Q144: M-14 | R144: M-15 | S144: J-16 | T144: V-17 | U144: S-18 | V144: D-19 | W144: L-20 | X144: M-21 | Y144: M-22 | Z144: J-23 | AA144: V-24 | AB144: S-25 | AC144: D-26 | AD144: L-27 | AE144: M-28 | AF144: M-29 | AG144: J-30 | AH144: V | AI144: S | AJ144: D | AK144: L | AL144: M
A146: OCTUBRE | B146: L | C146: M | D146: M | E146: J | F146: V-1 | G146: S-2 | H146: D-3 | I146: L-4 | J146: M-5 | K146: M-6 | L146: J-7 | M146: V-8 | N146: S-9 | O146: D-10 | P146: L-11 | Q146: M-12 | R146: M-13 | S146: J-14 | T146: V-15 | U146: S-16 | V146: D-17 | W146: L-18 | X146: M-19 | Y146: M-20 | Z146: J-21 | AA146: V-22 | AB146: S-23 | AC146: D-24 | AD146: L-25 | AE146: M-26 | AF146: M-27 | AG146: J-28 | AH146: V- 29 | AI146: S-30 | AJ146: D-31 | AK146: L | AL146: M
A148: NOVIEMBRE | B148: L-1 | C148: M-2 | D148: M-3 | E148: J-4 | F148: V-5 | G148: S-6 | H148: D-7 | I148: L-8 | J148: M-9 | K148: M-10 | L148: J-11 | M148: V-12 | N148: S-13 | O148: D-14 | P148: L-15 | Q148: M-16 | R148: M-17 | S148: J-18 | T148: V-19 | U148: S-20 | V148: D-21 | W148: L-22 | X148: M-23 | Y148: M-24 | Z148: J-25 | AA148: V-26 | AB148: S-27 | AC148: D-28 | AD148: L-29 | AE148: M-30 | AF148: M | AG148: J | AH148: V | AI148: S | AJ148: D | AK148: L | AL148: M
A150: DICIEMBRE | B150: L | C150: M | D150: M-1 | E150: J-2 | F150: V-3 | G150: S-4 | H150: D-5 | I150: L-6 | J150: M-7 | K150: M-8 | L150: J-9 | M150: V-10 | N150: S-11 | O150: D-12 | P150: L-13 | Q150: M-14 | R150: M-15 | S150: J-16 | T150: V-17 | U150: S-18 | V150: D-19 | W150: L-20 | X150: M-21 | Y150: M-22 | Z150: J-23 | AA150: V-24 | AB150: S-25 | AC150: D-26 | AD150: L-27 | AE150: M-28 | AF150: M-29 | AG150: J-30 | AH150: V-31 | AI150: S | AJ150: D | AK150: L | AL150: M
F154: LIC. JOSE ALBERTO MOCTEZUMA PAREDES | AA154: LIC. ALMA ROCIO GONZALEZ QUIROZ
F156: JEFE DE ENFERMERAS | AA156: SUBJEFE DE ENFERMERAS
A157: INSTITUTO MEXICANO DEL SEGURO SOCIAL
A158: DIRECCION DE PRESTACIONES MEDICAS COORDINACION DE ATENCION INTREGRAL EN SEGUNDO NIVEL
A159: DEPARTAMENTO DE ENFERMERIA
A160: HOSPITAL GENERAL REGIONAL N0. 200
A161: TECAMAC
B163: =VLOOKUP(V163,#REF!,3,0) -> #REF! | N163: CAT: | P163: =VLOOKUP(V163,#REF!,4,0) -> #REF! | S163: MATRICULA: | V163: 98152859 | Y163: CC | AB163: DESCANSO: | AE163: =VLOOKUP(V163,#REF!,11,0) -> #REF! | AH163: No PLAZA | AK163: =VLOOKUP(V163,#REF!,2,0) -> #REF!
A165: PISO | D165: SERVICIO | J165: F. INGRESO | P165: TIPO DE PLAZA | U165: =VLOOKUP(V163,#REF!,12,0) -> #REF! | Y165: ROL.VAC | AD165: MARCA DE INC | AJ165: AÑO: 2021
A166: MES/DIA
A167: ENERO | B167: L | C167: M | D167: M | E167: J | F167: V-1 | G167: S-2 | H167: D-3 | I167: L-4 | J167: M-5 | K167: M-6 | L167: J-7 | M167: V-8 | N167: S-9 | O167: D-10 | P167: L-11 | Q167: M-12 | R167: M-13 | S167: J-14 | T167: V-15 | U167: S-16 | V167: D-17 | W167: L-18 | X167: M-19 | Y167: M-20 | Z167: J-21 | AA167: V-22 | AB167: S-23 | AC167: D-24 | AD167: L-25 | AE167: M-26 | AF167: M-27 | AG167: J-28 | AH167: V- 29 | AI167: S-30 | AJ167: D-31 | AK167: L | AL167: M
...

Sheet S-D
A1: INSTITUTO MEXICANO DEL SEGURO SOCIAL
A2: DIRECCION DE PRESTACIONES MEDICAS COORDINACION DE ATENCION INTREGRAL EN SEGUNDO NIVEL
A3: DEPARTAMENTO DE ENFERMERIA
A4: HOSPITAL GENERAL REGIONAL N0. 200
A5: TECAMAC
A7: NOMBRE: | B7: =VLOOKUP(V7,'PLANTILLA VESP'!A1:L312,3,FALSE) -> RODRIGUEZ RAMOS URIEL (02) | J7: CAT: | L7: =VLOOKUP(V7,'PLANTILLA VESP'!A1:L312,4,FALSE) -> CAMILLERO EN UNIDADES HOSPITALARIAS 80 | S7: MATRICULA: | V7: 95153151 | Y7: CC | AB7: DESCANSO: | AE7: S-D | AH7: No PLAZA | AK7: =VLOOKUP(V7,'PLANTILLA VESP'!A1:L313,2,FALSE) -> 37831
A8: 0
A9: PISO | D9: SERVICIO | J9: F. INGRESO | P9: TIPO DE PLAZA | T9: =VLOOKUP(V7,'PLANTILLA VESP'!A1:L314,11,FALSE) -> OPERATIVA BASE | Y9: ROL.VAC | AD9: MARCA DE INC | AJ9: AÑO: 2025
A10: MES/DIA
A11: ENERO | B11: L | C11: M | D11: M-1 | E11: J-2 | F11: V-3 | G11: S-4 | H11: D-5 | I11: L-6 | J11: M-7 | K11: M-8 | L11: J-9 | M11: V-10 | N11: S-11 | O11: D-12 | P11: L-13 | Q11: M-14 | R11: M-15 | S11: J-16 | T11: V-17 | U11: S-18 | V11: D-19 | W11: L-20 | X11: M-21 | Y11: M-22 | Z11: J-23 | AA11: V-24 | AB11: S-25 | AC11: D-26 | AD11: L-27 | AE11: M-28 | AF11: M-29 | AG11: J-30 | AH11: V-31 | AI11: S | AJ11: D | AK11: L | AL11: M
G12: S
A13: FEBRERO | B13: L | C13: M | D13: M | E13: J | F13: V | G13: S-1 | H13: D-2 | I13: L-3 | J13: M-4 | K13: M-5 | L13: J-6 | M13: V-7 | N13: S-8 | O13: D-9 | P13: L-10 | Q13: M-11 | R13: M-12 | S13: J-13 | T13: V-14 | U13: S-15 | V13: D-16 | W13: L-17 | X13: M-18 | Y13: M-19 | Z13: J-20 | AA13: V-21 | AB13: S-22 | AC13: D-23 | AD13: L-24 | AE13: M-25 | AF13: M-26 | AG13: J-27 | AH13: V- 28 | AI13: S | AJ13: D | AK13: L | AL13: M
AI14: }
A15: MARZO | B15: L | C15: M | D15: M | E15: J | F15: V | G15: S-1 | H15: D-2 | I15: L-3 | J15: M-4 | K15: M-5 | L15: J-6 | M15: V-7 | N15: S-8 | O15: D-9 | P15: L-10 | Q15: M-11 | R15: M-12 | S15: J-13 | T15: V-14 | U15: S-15 | V15: D-16 | W15: L-17 | X15: M-18 | Y15: M-19 | Z15: J-20 | AA15: V-21 | AB15: S-22 | AC15: D-23 | AD15: L-24 | AE15: M-25 | AF15: M-26 | AG15: J-27 | AH15: V- 28 | AI15: S-29 | AJ15: D-30 | AK15: L-31 | AL15: M
A17: ABRIL | B17: L | C17: M-1 | D17: M-2 | E17: J-3 | F17: V-4 | G17: S-5 | H17: D-6 | I17: L-7 | J17: M-8 | K17: M-9 | L17: J-10 | M17: V-11 | N17: S-12 | O17: D-13 | P17: L-14 | Q17: M-15 | R17: M-16 | S17: J-17 | T17: V-18 | U17: S-19 | V17: D-20 | W17: L-21 | X17: M-22 | Y17: M-23 | Z17: J-24 | AA17: V-25 | AB17: S-26 | AC17: D-27 | AD17: L-28 | AE17: M-29 | AF17: M-30 | AG17: J | AH17: V | AI17: S | AJ17: D | AK17: L | AL17: M
A19: MAYO | B19: L | C19: M | D19: M | E19: J-1 | F19: V-2 | G19: S-3 | H19: D-4 | I19: L-5 | J19: M-6 | K19: M-7 | L19: J-8 | M19: V-9 | N19: S-10 | O19: D-11 | P19: L-12 | Q19: M-13 | R19: M-14 | S19: J-15 | T19: V-16 | U19: S-17 | V19: D-18 | W19: L-19 | X19: M-20 | Y19: M-21 | Z19: J-22 | AA19: V-23 | AB19: S-24 | AC19: D-25 | AD19: L-26 | AE19: M-27 | AF19: M-28 | AG19: J-29 | AH19: V-30 | AI19: S-31 | AJ19: D | AK19: L | AL19: M
A21: JUNIO | B21: L | C21: M | D21: M | E21: J | F21: V | G21: S | H21: D-1 | I21: L-2 | J21: M-3 | K21: M-4 | L21: J-5 | M21: V-6 | N21: S-7 | O21: D-8 | P21: L-9 | Q21: M-10 | R21: M-11 | S21: J-12 | T21: V-13 | U21: S-14 | V21: D-15 | W21: L-16 | X21: M-17 | Y21: M-18 | Z21: J-19 | AA21: V-20 | AB21: S-21 | AC21: D-22 | AD21: L-23 | AE21: M-24 | AF21: M-25 | AG21: J-26 | AH21: V- 27 | AI21: S-28 | AJ21: D-29 | AK21: L-30 | AL21: M
A23: JULIO | B23: L | C23: M-1 | D23: M-2 | E23: J-3 | F23: V-4 | G23: S-5 | H23: D-6 | I23: L-7 | J23: M-8 | K23: M-9 | L23: J-10 | M23: V-11 | N23: S-12 | O23: D-13 | P23: L-14 | Q23: M-15 | R23: M-16 | S23: J-17 | T23: V-18 | U23: S-19 | V23: D-20 | W23: L-21 | X23: M-22 | Y23: M-23 | Z23: J-24 | AA23: V-25 | AB23: S-26 | AC23: D-27 | AD23: L-28 | AE23: M-29 | AF23: M-30 | AG23: J-31 | AH23: V | AI23: S | AJ23: D | AK23: L | AL23: M
A25: AGOSTO | B25: L | C25: M | D25: M | E25: J | F25: V-1 | G25: S-2 | H25: D-3 | I25: L-4 | J25: M-5 | K25: M-6 | L25: J-7 | M25: V-8 | N25: S-9 | O25: D-10 | P25: L-11 | Q25: M-12 | R25: M-13 | S25: J-14 | T25: V-15 | U25: S-16 | V25: D-17 | W25: L-18 | X25: M-19 | Y25: M-20 | Z25: J-21 | AA25: V-22 | AB25: S-23 | AC25: D-24 | AD25: L-25 | AE25: M-26 | AF25: M-27 | AG25: J-28 | AH25: V-29 | AI25: S-30 | AJ25: D-31 | AK25: L | AL25: M
A27: SEPTIEMBRE | B27: L-1 | C27: M-2 | D27: M-3 | E27: J-4 | F27: V-5 | G27: S-6 | H27: D-7 | I27: L-8 | J27: M-9 | K27: M-10 | L27: J-11 | M27: V-12 | N27: S-13 | O27: D-14 | P27: L-15 | Q27: M-16 | R27: M-17 | S27: J-18 | T27: V-19 | U27: S-20 | V27: D-21 | W27: L-22 | X27: M-23 | Y27: M-24 | Z27: J-25 | AA27: V- 26 | AB27: S-27 | AC27: D-28 | AD27: L-29 | AE27: M-30 | AF27: M | AG27: J | AH27: V | AI27: S | AJ27: D | AK27: L | AL27: M
A29: OCTUBRE | B29: L | C29: M | D29: M-1 | E29: J-2 | F29: V-3 | G29: S-4 | H29: D-5 | I29: L-6 | J29: M-7 | K29: M-8 | L29: J-9 | M29: V-10 | N29: S-11 | O29: D-12 | P29: L-13 | Q29: M-14 | R29: M-15 | S29: J-16 | T29: V-17 | U29: S-18 | V29: D-19 | W29: L-20 | X29: M-21 | Y29: M-22 | Z29: J-23 | AA29: V-24 | AB29: S-25 | AC29: D-26 | AD29: L-27 | AE29: M-28 | AF29: M-29 | AG29: J-30 | AH29: V-31 | AI29: S | AJ29: D | AK29: L | AL29: M
A31: NOVIEMBRE | B31: L | C31: M | D31: M | E31: J | F31: V | G31: S-1 | H31: D-2 | I31: L-3 | J31: M-4 | K31: M-5 | L31: J-6 | M31: V-7 | N31: S-8 | O31: D-9 | P31: L-10 | Q31: M-11 | R31: M-12 | S31: J-13 | T31: V-14 | U31: S-15 | V31: D-16 | W31: L-17 | X31: M-18 | Y31: M-19 | Z31: J-20 | AA31: V-21 | AB31: S-22 | AC31: D-23 | AD31: L-24 | AE31: M-25 | AF31: M-26 | AG31: J-27 | AH31: V-28 | AI31: S-29 | AJ31: D-30 | AK31: L | AL31: M
A33: DICIEMBRE | B33: L-1 | C33: M-2 | D33: M-3 | E33: J-4 | F33: V-5 | G33: S-6 | H33: D-7 | I33: L-8 | J33: M-9 | K33: M-10 | L33: J-11 | M33: V-12 | N33: S-13 | O33: D-14 | P33: L-15 | Q33: M-16 | R33: M-17 | S33: J-18 | T33: V-19 | U33: S-20 | V33: D-21 | W33: L-22 | X33: M-23 | Z33: J-25 | AA33: V- 26 | AB33: S-27 | AC33: D-28 | AD33: L-29 | AE33: M-30 | AF33: M-31 | AG33: J | AH33: V | AI33: S | AJ33: D | AK33: L | AL33: M
F37: LIC. SANDRA CASTILLO HERNÁNDEZ | AA37: MTRA. AIDEE CASTILLO SANDOVAL
F39: JEFE DE ENFERMERAS | AA39: SUBJEFE DE ENFERMERAS

Sheet L-M
A1: INSTITUTO MEXICANO DEL SEGURO SOCIAL
A2: DIRECCION DE PRESTACIONES MEDICAS COORDINACION DE ATENCION INTREGRAL EN SEGUNDO NIVEL
A3: DEPARTAMENTO DE ENFERMERIA
A4: HOSPITAL GENERAL REGIONAL N0. 200
A5: TECAMAC
A7: NOMBRE: | B7: =VLOOKUP(V7,'PLANTILLA VESP'!A1:L298,3,FALSE) -> ANGELES JUAREZ ARIAN YURITZY | J7: CAT: | L7: =VLOOKUP(V7,'PLANTILLA VESP'!A1:L298,4,FALSE) -> ENFERMERA GENERAL 80 | S7: MATRICULA: | V7: 96156508 | Y7: CC | AB7: DESCANSO: | AE7: =VLOOKUP(V7,'PLANTILLA VESP'!A1:L298,10,FALSE) -> L-M | AH7: No PLAZA | AK7: =VLOOKUP(V7,'PLANTILLA VESP'!A1:L298,2,FALSE) -> 38793
A9: PISO | D9: SERVICIO | J9: F. INGRESO | P9: TIPO DE PLAZA | T9: =VLOOKUP(V7,'PLANTILLA VESP'!A1:L298,11,FALSE) -> CUBRE VACACIONES BASE | Y9: ROL.VAC | AD9: MARCA DE INC | AJ9: AÑO: 2025
A10: MES/DIA
A11: ENERO | B11: L | C11: M | D11: M-1 | E11: J-2 | F11: V-3 | G11: S-4 | H11: D-5 | I11: L-6 | J11: M-7 | K11: M-8 | L11: J-9 | M11: V-10 | N11: S-11 | O11: D-12 | P11: L-13 | Q11: M-14 | R11: M-15 | S11: J-16 | T11: V-17 | U11: S-18 | V11: D-19 | W11: L-20 | X11: M-21 | Y11: M-22 | Z11: J-23 | AA11: V-24 | AB11: S-25 | AC11: D-26 | AD11: L-27 | AE11: M-28 | AF11: M-29 | AG11: J-30 | AH11: V-31 | AI11: S | AJ11: D | AK11: L | AL11: M
A13: FEBRERO | B13: L | C13: M | D13: M | E13: J | F13: V | G13: S-1 | H13: D-2 | I13: L-3 | J13: M-4 | K13: M-5 | L13: J-6 | M13: V-7 | N13: S-8 | O13: D-9 | P13: L-10 | Q13: M-11 | R13: M-12 | S13: J-13 | T13: V-14 | U13: S-15 | V13: D-16 | W13: L-17 | X13: M-18 | Y13: M-19 | Z13: J-20 | AA13: V-21 | AB13: S-22 | AC13: D-23 | AD13: L-24 | AE13: M-25 | AF13: M-26 | AG13: J-27 | AH13: V- 28 | AI13: S | AJ13: D | AK13: L | AL13: M
A15: MARZO | B15: L | C15: M | D15: M | E15: J | F15: V | G15: S-1 | H15: D-2 | I15: L-3 | J15: M-4 | K15: M-5 | L15: J-6 | M15: V-7 | N15: S-8 | O15: D-9 | P15: L-10 | Q15: M-11 | R15: M-12 | S15: J-13 | T15: V-14 | U15: S-15 | V15: D-16 | W15: L-17 | X15: M-18 | Y15: M-19 | Z15: J-20 | AA15: V-21 | AB15: S-22 | AC15: D-23 | AD15: L-24 | AE15: M-25 | AF15: M-26 | AG15: J-27 | AH15: V- 28 | AI15: S-29 | AJ15: D-30 | AK15: L-31 | AL15: M
A17: ABRIL | B17: L | C17: M-1 | D17: M-2 | E17: J-3 | F17: V-4 | G17: S-5 | H17: D-6 | I17: L-7 | J17: M-8 | K17: M-9 | L17: J-10 | M17: V-11 | N17: S-12 | O17: D-13 | P17: L-14 | Q17: M-15 | R17: M-16 | S17: J-17 | T17: V-18 | U17: S-19 | V17: D-20 | W17: L-21 | X17: M-22 | Y17: M-23 | Z17: J-24 | AA17: V-25 | AB17: S-26 | AC17: D-27 | AD17: L-28 | AE17: M-29 | AF17: M-30 | AG17: J | AH17: V | AI17: S | AJ17: D | AK17: L | AL17: M
A19: MAYO | B19: L | C19: M | D19: M | E19: J-1 | F19: V-2 | G19: S-3 | H19: D-4 | I19: L-5 | J19: M-6 | K19: M-7 | L19: J-8 | M19: V-9 | N19: S-10 | O19: D-11 | P19: L-12 | Q19: M-13 | R19: M-14 | S19: J-15 | T19: V-16 | U19: S-17 | V19: D-18 | W19: L-19 | X19: M-20 | Y19: M-21 | Z19: J-22 | AA19: V-23 | AB19: S-24 | AC19: D-25 | AD19: L-26 | AE19: M-27 | AF19: M-28 | AG19: J-29 | AH19: V-30 | AI19: S-31 | AJ19: D | AK19: L | AL19: M
A21: JUNIO | B21: L | C21: M | D21: M | E21: J | F21: V | G21: S | H21: D-1 | I21: L-2 | J21: M-3 | K21: M-4 | L21: J-5 | M21: V-6 | N21: S-7 | O21: D-8 | P21: L-9 | Q21: M-10 | R21: M-11 | S21: J-12 | T21: V-13 | U21: S-14 | V21: D-15 | W21: L-16 | X21: M-17 | Y21: M-18 | Z21: J-19 | AA21: V-20 | AB21: S-21 | AC21: D-22 | AD21: L-23 | AE21: M-24 | AF21: M-25 | AG21: J-26 | AH21: V- 27 | AI21: S-28 | AJ21: D-29 | AK21: L-30 | AL21: M
A23: JULIO | B23: L | C23: M-1 | D23: M-2 | E23: J-3 | F23: V-4 | G23: S-5 | H23: D-6 | I23: L-7 | J23: M-8 | K23: M-9 | L23: J-10 | M23: V-11 | N23: S-12 | O23: D-13 | P23: L-14 | Q23: M-15 | R23: M-16 | S23: J-17 | T23: V-18 | U23: S-19 | V23: D-20 | W23: L-21 | X23: M-22 | Y23: M-23 | Z23: J-24 | AA23: V-25 | AB23: S-26 | AC23: D-27 | AD23: L-28 | AE23: M-29 | AF23: M-30 | AG23: J-31 | AH23: V | AI23: S | AJ23: D | AK23: L | AL23: M
A25: AGOSTO | B25: L | C25: M | D25: M | E25: J | F25: V-1 | G25: S-2 | H25: D-3 | I25: L-4 | J25: M-5 | K25: M-6 | L25: J-7 | M25: V-8 | N25: S-9 | O25: D-10 | P25: L-11 | Q25: M-12 | R25: M-13 | S25: J-14 | T25: V-15 | U25: S-16 | V25: D-17 | W25: L-18 | X25: M-19 | Y25: M-20 | Z25: J-21 | AA25: V-22 | AB25: S-23 | AC25: D-24 | AD25: L-25 | AE25: M-26 | AF25: M-27 | AG25: J-28 | AH25: V-29 | AI25: S-30 | AJ25: D-31 | AK25: L | AL25: M
A27: SEPTIEMBRE | B27: L-1 | C27: M-2 | D27: M-3 | E27: J-4 | F27: V-5 | G27: S-6 | H27: D-7 | I27: L-8 | J27: M-9 | K27: M-10 | L27: J-11 | M27: V-12 | N27: S-13 | O27: D-14 | P27: L-15 | Q27: M-16 | R27: M-17 | S27: J-18 | T27: V-19 | U27: S-20 | V27: D-21 | W27: L-22 | X27: M-23 | Y27: M-24 | Z27: J-25 | AA27: V- 26 | AB27: S-27 | AC27: D-28 | AD27: L-29 | AE27: M-30 | AF27: M | AG27: J | AH27: V | AI27: S | AJ27: D | AK27: L | AL27: M
A29: OCTUBRE | B29: L | C29: M | D29: M-1 | E29: J-2 | F29: V-3 | G29: S-4 | H29: D-5 | I29: L-6 | J29: M-7 | K29: M-8 | L29: J-9 | M29: V-10 | N29: S-11 | O29: D-12 | P29: L-13 | Q29: M-14 | R29: M-15 | S29: J-16 | T29: V-17 | U29: S-18 | V29: D-19 | W29: L-20 | X29: M-21 | Y29: M-22 | Z29: J-23 | AA29: V-24 | AB29: S-25 | AC29: D-26 | AD29: L-27 | AE29: M-28 | AF29: M-29 | AG29: J-30 | AH29: V-31 | AI29: S | AJ29: D | AK29: L | AL29: M
A31: NOVIEMBRE | B31: L | C31: M | D31: M | E31: J | F31: V | G31: S-1 | H31: D-2 | I31: L-3 | J31: M-4 | K31: M-5 | L31: J-6 | M31: V-7 | N31: S-8 | O31: D-9 | P31: L-10 | Q31: M-11 | R31: M-12 | S31: J-13 | T31: V-14 | U31: S-15 | V31: D-16 | W31: L-17 | X31: M-18 | Y31: M-19 | Z31: J-20 | AA31: V-21 | AB31: S-22 | AC31: D-23 | AD31: L-24 | AE31: M-25 | AF31: M-26 | AG31: J-27 | AH31: V-28 | AI31: S-29 | AJ31: D-30 | AK31: L | AL31: M
A33: DICIEMBRE | B33: L-1 | C33: M-2 | D33: M-3 | E33: J-4 | F33: V-5 | G33: S-6 | H33: D-7 | I33: L-8 | J33: M-9 | K33: M-10 | L33: J-11 | M33: V-12 | N33: S-13 | O33: D-14 | P33: L-15 | Q33: M-16 | R33: M-17 | S33: J-18 | T33: V-19 | U33: S-20 | V33: D-21 | W33: L-22 | X33: M-23 | Y33: M-24 | Z33: J-25 | AA33: V- 26 | AB33: S-27 | AC33: D-28 | AD33: L-29 | AE33: M-30 | AF33: M-31 | AG33: J | AH33: V | AI33: S | AJ33: D | AK33: L | AL33: M
F37: LIC. SANDRA CASTILLO HERNÁNDEZ | AA37: MTRA. AIDEE CASTILLO SANDOVAL
F39: JEFE DE ENFERMERAS | AA39: SUBJEFE DE ENFERMERAS

Sheet M-J
A2: DIRECCION DE PRESTACIONES MEDICAS COORDINACION DE ATENCION INTREGRAL EN SEGUNDO NIVEL
A3: DEPARTAMENTO DE ENFERMERIA
A4: HOSPITAL GENERAL REGIONAL N0. 200
A5: TECAMAC
A7: NOMBRE: | B7: =VLOOKUP(V7,'PLANTILLA VESP'!A1:L298,3,FALSE) -> GONZALEZ QUIROZ ALMA ROCIO | J7: CAT: | L7: =VLOOKUP(V7,'PLANTILLA VESP'!A1:L298,4,FALSE) -> ENFERMERA JEFE DE PISO 80 | S7: MATRICULA: | V7: 98152859 | Y7: CC | AB7: DESCANSO: | AE7: =VLOOKUP(V7,'PLANTILLA VESP'!A1:L298,10,FALSE) -> M-J | AH7: No PLAZA | AK7: =VLOOKUP(V7,'PLANTILLA VESP'!A1:L298,2,FALSE) -> 71534
A8: 97156372
A9: PISO | D9: SERVICIO | J9: F. INGRESO | P9: TIPO DE PLAZA | T9: =VLOOKUP(V7,'PLANTILLA VESP'!A1:L298,11,FALSE) -> CUBRE DESCANSOS BASE | Y9: ROL.VAC | AD9: MARCA DE INC | AJ9: AÑO: 2025
A10: MES/DIA
A11: ENERO | B11: L | C11: M | D11: M-1 | E11: J-2 | F11: V-3 | G11: S-4 | H11: D-5 | I11: L-6 | J11: M-7 | K11: M-8 | L11: J-9 | M11: V-10 | N11: S-11 | O11: D-12 | P11: L-13 | Q11: M-14 | R11: M-15 | S11: J-16 | T11: V-17 | U11: S-18 | V11: D-19 | W11: L-20 | X11: M-21 | Y11: M-22 | Z11: J-23 | AA11: V-24 | AB11: S-25 | AC11: D-26 | AD11: L-27 | AE11: M-28 | AF11: M-29 | AG11: J-30 | AH11: V-31 | AI11: S | AJ11: D | AK11: L | AL11: M
A13: FEBRERO | B13: L | C13: M | D13: M | E13: J | F13: V | G13: S-1 | H13: D-2 | I13: L-3 | J13: M-4 | K13: M-5 | L13: J-6 | M13: V-7 | N13: S-8 | O13: D-9 | P13: L-10 | Q13: M-11 | R13: M-12 | S13: J-13 | T13: V-14 | U13: S-15 | V13: D-16 | W13: L-17 | X13: M-18 | Y13: M-19 | Z13: J-20 | AA13: V-21 | AB13: S-22 | AC13: D-23 | AD13: L-24 | AE13: M-25 | AF13: M-26 | AG13: J-27 | AH13: V- 28 | AI13: S | AJ13: D | AK13: L | AL13: M
A15: MARZO | B15: L | C15: M | D15: M | E15: J | F15: V | G15: S-1 | H15: D-2 | I15: L-3 | J15: M-4 | K15: M-5 | L15: J-6 | M15: V-7 | N15: S-8 | O15: D-9 | P15: L-10 | Q15: M-11 | R15: M-12 | S15: J-13 | T15: V-14 | U15: S-15 | V15: D-16 | W15: L-17 | X15: M-18 | Y15: M-19 | Z15: J-20 | AA15: V-21 | AB15: S-22 | AC15: D-23 | AD15: L-24 | AE15: M-25 | AF15: M-26 | AG15: J-27 | AH15: V- 28 | AI15: S-29 | AJ15: D-30 | AK15: L-31 | AL15: M
A17: ABRIL | B17: L | C17: M-1 | D17: M-2 | E17: J-3 | F17: V-4 | G17: S-5 | H17: D-6 | I17: L-7 | J17: M-8 | K17: M-9 | L17: J-10 | M17: V-11 | N17: S-12 | O17: D-13 | P17: L-14 | Q17: M-15 | R17: M-16 | S17: J-17 | T17: V-18 | U17: S-19 | V17: D-20 | W17: L-21 | X17: M-22 | Y17: M-23 | Z17: J-24 | AA17: V-25 | AB17: S-26 | AC17: D-27 | AD17: L-28 | AE17: M-29 | AF17: M-30 | AG17: J | AH17: V | AI17: S | AJ17: D | AK17: L | AL17: M
A19: MAYO | B19: L | C19: M | D19: M | E19: J-1 | F19: V-2 | G19: S-3 | H19: D-4 | I19: L-5 | J19: M-6 | K19: M-7 | L19: J-8 | M19: V-9 | N19: S-10 | O19: D-11 | P19: L-12 | Q19: M-13 | R19: M-14 | S19: J-15 | T19: V-16 | U19: S-17 | V19: D-18 | W19: L-19 | X19: M-20 | Y19: M-21 | Z19: J-22 | AA19: V-23 | AB19: S-24 | AC19: D-25 | AD19: L-26 | AE19: M-27 | AF19: M-28 | AG19: J-29 | AH19: V-30 | AI19: S-31 | AJ19: D | AK19: L | AL19: M
A21: JUNIO | B21: L | C21: M | D21: M | E21: J | F21: V | G21: S | H21: D-1 | I21: L-2 | J21: M-3 | K21: M-4 | L21: J-5 | M21: V-6 | N21: S-7 | O21: D-8 | P21: L-9 | Q21: M-10 | R21: M-11 | S21: J-12 | T21: V-13 | U21: S-14 | V21: D-15 | W21: L-16 | X21: M-17 | Y21: M-18 | Z21: J-19 | AA21: V-20 | AB21: S-21 | AC21: D-22 | AD21: L-23 | AE21: M-24 | AF21: M-25 | AG21: J-26 | AH21: V- 27 | AI21: S-28 | AJ21: D-29 | AK21: L-30 | AL21: M
A23: JULIO | B23: L | C23: M-1 | D23: M-2 | E23: J-3 | F23: V-4 | G23: S-5 | H23: D-6 | I23: L-7 | J23: M-8 | K23: M-9 | L23: J-10 | M23: V-11 | N23: S-12 | O23: D-13 | P23: L-14 | Q23: M-15 | R23: M-16 | S23: J-17 | T23: V-18 | U23: S-19 | V23: D-20 | W23: L-21 | X23: M-22 | Y23: M-23 | Z23: J-24 | AA23: V-25 | AB23: S-26 | AC23: D-27 | AD23: L-28 | AE23: M-29 | AF23: M-30 | AG23: J-31 | AH23: V | AI23: S | AJ23: D | AK23: L | AL23: M
A25: AGOSTO | B25: L | C25: M | D25: M | E25: J | F25: V-1 | G25: S-2 | H25: D-3 | I25: L-4 | J25: M-5 | K25: M-6 | L25: J-7 | M25: V-8 | N25: S-9 | O25: D-10 | P25: L-11 | Q25: M-12 | R25: M-13 | S25: J-14 | T25: V-15 | U25: S-16 | V25: D-17 | W25: L-18 | X25: M-19 | Y25: M-20 | Z25: J-21 | AA25: V-22 | AB25: S-23 | AC25: D-24 | AD25: L-25 | AE25: M-26 | AF25: M-27 | AG25: J-28 | AH25: V-29 | AI25: S-30 | AJ25: D-31 | AK25: L | AL25: M
A27: SEPTIEMBRE | B27: L-1 | C27: M-2 | D27: M-3 | E27: J-4 | F27: V-5 | G27: S-6 | H27: D-7 | I27: L-8 | J27: M-9 | K27: M-10 | L27: J-11 | M27: V-12 | N27: S-13 | O27: D-14 | P27: L-15 | Q27: M-16 | R27: M-17 | S27: J-18 | T27: V-19 | U27: S-20 | V27: D-21 | W27: L-22 | X27: M-23 | Y27: M-24 | Z27: J-25 | AA27: V- 26 | AB27: S-27 | AC27: D-28 | AD27: L-29 | AE27: M-30 | AF27: M | AG27: J | AH27: V | AI27: S | AJ27: D | AK27: L | AL27: M
A29: OCTUBRE | B29: L | C29: M | D29: M-1 | E29: J-2 | F29: V-3 | G29: S-4 | H29: D-5 | I29: L-6 | J29: M-7 | K29: M-8 | L29: J-9 | M29: V-10 | N29: S-11 | O29: D-12 | P29: L-13 | Q29: M-14 | R29: M-15 | S29: J-16 | T29: V-17 | U29: S-18 | V29: D-19 | W29: L-20 | X29: M-21 | Y29: M-22 | Z29: J-23 | AA29: V-24 | AB29: S-25 | AC29: D-26 | AD29: L-27 | AE29: M-28 | AF29: M-29 | AG29: J-30 | AH29: V-31 | AI29: S | AJ29: D | AK29: L | AL29: M
A31: NOVIEMBRE | B31: L | C31: M | D31: M | E31: J | F31: V | G31: S-1 | H31: D-2 | I31: L-3 | J31: M-4 | K31: M-5 | L31: J-6 | M31: V-7 | N31: S-8 | O31: D-9 | P31: L-10 | Q31: M-11 | R31: M-12 | S31: J-13 | T31: V-14 | U31: S-15 | V31: D-16 | W31: L-17 | X31: M-18 | Y31: M-19 | Z31: J-20 | AA31: V-21 | AB31: S-22 | AC31: D-23 | AD31: L-24 | AE31: M-25 | AF31: M-26 | AG31: J-27 | AH31: V-28 | AI31: S-29 | AJ31: D-30 | AK31: L | AL31: M
A33: DICIEMBRE | B33: L-1 | C33: M-2 | D33: M-3 | E33: J-4 | F33: V-5 | G33: S-6 | H33: D-7 | I33: L-8 | J33: M-9 | K33: M-10 | L33: J-11 | M33: V-12 | N33: S-13 | O33: D-14 | P33: L-15 | Q33: M-16 | R33: M-17 | S33: J-18 | T33: V-19 | U33: S-20 | V33: D-21 | W33: L-22 | X33: M-23 | Y33: M-24 | Z33: J-25 | AA33: V- 26 | AB33: S-27 | AC33: D-28 | AD33: L-29 | AE33: M-30 | AF33: M-31 | AG33: J | AH33: V | AI33: S | AJ33: D | AK33: L | AL33: M
F37: LIC. SANDRA CASTILLO HERNÁNDEZ | AA37: MTRA. AIDEE CASTILLO SANDOVAL
F39: JEFE DE ENFERMERAS | AA39: SUBJEFE DE ENFERMERAS

Sheet M-M
A1: INSTITUTO MEXICANO DEL SEGURO SOCIAL
A2: DIRECCION DE PRESTACIONES MEDICAS COORDINACION DE ATENCION INTREGRAL EN SEGUNDO NIVEL
A3: DEPARTAMENTO DE ENFERMERIA
A4: HOSPITAL GENERAL REGIONAL N0. 200
A5: TECAMAC
A7: NOMBRE: | B7: =VLOOKUP(V7,'PLANTILLA VESP'!A1:L298,3,FALSE) -> GARNICA CERVANTES JOSELINE MONTSERRAT | J7: CAT: | L7: =VLOOKUP(V7,'PLANTILLA VESP'!A1:L298,4,FALSE) -> AUX DE ENFERMERIA GRAL 80 | S7: MATRICULA: | V7: 96158679 | Y7: CC | AB7: DESCANSO: | AE7: =VLOOKUP(V7,'PLANTILLA VESP'!A1:L298,10,FALSE) -> M-M | AH7: No PLAZA | AK7: =VLOOKUP(V7,'PLANTILLA VESP'!A1:L298,2,FALSE) -> 38421
A9: PISO | D9: SERVICIO | J9: F. INGRESO | P9: TIPO DE PLAZA | T9: =VLOOKUP(V7,'PLANTILLA VESP'!A1:L298,11,FALSE) -> CUBRE VACACIONES BASE | Y9: ROL.VAC | AD9: MARCA DE INC | AJ9: AÑO: 2025
A10: MES/DIA
A11: ENERO | B11: L | C11: M | D11: M-1 | E11: J-2 | F11: V-3 | G11: S-4 | H11: D-5 | I11: L-6 | J11: M-7 | K11: M-8 | L11: J-9 | M11: V-10 | N11: S-11 | O11: D-12 | P11: L-13 | Q11: M-14 | R11: M-15 | S11: J-16 | T11: V-17 | U11: S-18 | V11: D-19 | W11: L-20 | X11: M-21 | Y11: M-22 | Z11: J-23 | AA11: V-24 | AB11: S-25 | AC11: D-26 | AD11: L-27 | AE11: M-28 | AF11: M-29 | AG11: J-30 | AH11: V-31 | AI11: S | AJ11: D | AK11: L | AL11: M
A13: FEBRERO | B13: L | C13: M | D13: M | E13: J | F13: V | G13: S-1 | H13: D-2 | I13: L-3 | J13: M-4 | K13: M-5 | L13: J-6 | M13: V-7 | N13: S-8 | O13: D-9 | P13: L-10 | Q13: M-11 | R13: M-12 | S13: J-13 | T13: V-14 | U13: S-15 | V13: D-16 | W13: L-17 | X13: M-18 | Y13: M-19 | Z13: J-20 | AA13: V-21 | AB13: S-22 | AC13: D-23 | AD13: L-24 | AE13: M-25 | AF13: M-26 | AG13: J-27 | AH13: V- 28 | AI13: S | AJ13: D | AK13: L | AL13: M
A15: MARZO | B15: L | C15: M | D15: M | E15: J | F15: V | G15: S-1 | H15: D-2 | I15: L-3 | J15: M-4 | K15: M-5 | L15: J-6 | M15: V-7 | N15: S-8 | O15: D-9 | P15: L-10 | Q15: M-11 | R15: M-12 | S15: J-13 | T15: V-14 | U15: S-15 | V15: D-16 | W15: L-17 | X15: M-18 | Y15: M-19 | Z15: J-20 | AA15: V-21 | AB15: S-22 | AC15: D-23 | AD15: L-24 | AE15: M-25 | AF15: M-26 | AG15: J-27 | AH15: V- 28 | AI15: S-29 | AJ15: D-30 | AK15: L-31 | AL15: M
A17: ABRIL | C17: M-1 | D17: M-2 | E17: J-3 | F17: V-4 | G17: S-5 | H17: D-6 | I17: L-7 | J17: M-8 | K17: M-9 | L17: J-10 | M17: V-11 | N17: S-12 | O17: D-13 | P17: L-14 | Q17: M-15 | R17: M-16 | S17: J-17 | T17: V-18 | U17: S-19 | V17: D-20 | W17: L-21 | X17: M-22 | Y17: M-23 | Z17: J-24 | AA17: V-25 | AB17: S-26 | AC17: D-27 | AD17: L-28 | AE17: M-29 | AF17: M-30 | AG17: J | AH17: V | AI17: S | AJ17: D | AK17: L | AL17: M
A19: MAYO | B19: L | C19: M | D19: M | E19: J-1 | F19: V-2 | G19: S-3 | H19: D-4 | I19: L-5 | J19: M-6 | K19: M-7 | L19: J-8 | M19: V-9 | N19: S-10 | O19: D-11 | P19: L-12 | Q19: M-13 | R19: M-14 | S19: J-15 | T19: V-16 | U19: S-17 | V19: D-18 | W19: L-19 | X19: M-20 | Y19: M-21 | Z19: J-22 | AA19: V-23 | AB19: S-24 | AC19: D-25 | AD19: L-26 | AE19: M-27 | AF19: M-28 | AG19: J-29 | AH19: V-30 | AI19: S-31 | AJ19: D | AK19: L | AL19: M
A21: JUNIO | B21: L | C21: M | D21: M | E21: J | F21: V | G21: S | H21: D-1 | I21: L-2 | J21: M-3 | K21: M-4 | L21: J-5 | M21: V-6 | N21: S-7 | O21: D-8 | P21: L-9 | Q21: M-10 | R21: M-11 | S21: J-12 | T21: V-13 | U21: S-14 | V21: D-15 | W21: L-16 | X21: M-17 | Y21: M-18 | Z21: J-19 | AA21: V-20 | AB21: S-21 | AC21: D-22 | AD21: L-23 | AE21: M-24 | AF21: M-25 | AG21: J-26 | AH21: V- 27 | AI21: S-28 | AJ21: D-29 | AK21: L-30 | AL21: M
A23: JULIO | B23: L | C23: M-1 | D23: M-2 | E23: J-3 | F23: V-4 | G23: S-5 | H23: D-6 | I23: L-7 | J23: M-8 | K23: M-9 | L23: J-10 | M23: V-11 | N23: S-12 | O23: D-13 | P23: L-14 | Q23: M-15 | R23: M-16 | S23: J-17 | T23: V-18 | U23: S-19 | V23: D-20 | W23: L-21 | X23: M-22 | Y23: M-23 | Z23: J-24 | AA23: V-25 | AB23: S-26 | AC23: D-27 | AD23: L-28 | AE23: M-29 | AF23: M-30 | AG23: J-31 | AH23: V | AI23: S | AJ23: D | AK23: L | AL23: M
A25: AGOSTO | B25: L | C25: M | D25: M | E25: J | F25: V-1 | G25: S-2 | H25: D-3 | I25: L-4 | J25: M-5 | K25: M-6 | L25: J-7 | M25: V-8 | N25: S-9 | O25: D-10 | P25: L-11 | Q25: M-12 | R25: M-13 | S25: J-14 | T25: V-15 | U25: S-16 | V25: D-17 | W25: L-18 | X25: M-19 | Y25: M-20 | Z25: J-21 | AA25: V-22 | AB25: S-23 | AC25: D-24 | AD25: L-25 | AE25: M-26 | AF25: M-27 | AG25: J-28 | AH25: V-29 | AI25: S-30 | AJ25: D-31 | AK25: L | AL25: M
A27: SEPTIEMBRE | B27: L-1 | C27: M-2 | D27: M-3 | E27: J-4 | F27: V-5 | G27: S-6 | H27: D-7 | I27: L-8 | J27: M-9 | K27: M-10 | L27: J-11 | M27: V-12 | N27: S-13 | O27: D-14 | P27: L-15 | Q27: M-16 | R27: M-17 | S27: J-18 | T27: V-19 | U27: S-20 | V27: D-21 | W27: L-22 | X27: M-23 | Y27: M-24 | Z27: J-25 | AA27: V- 26 | AB27: S-27 | AC27: D-28 | AD27: L-29 | AE27: M-30 | AF27: M | AG27: J | AH27: V | AI27: S | AJ27: D | AK27: L | AL27: M
A29: OCTUBRE | B29: L | C29: M | D29: M-1 | E29: J-2 | F29: V-3 | G29: S-4 | H29: D-5 | I29: L-6 | J29: M-7 | K29: M-8 | L29: J-9 | M29: V-10 | N29: S-11 | O29: D-12 | P29: L-13 | Q29: M-14 | R29: M-15 | S29: J-16 | T29: V-17 | U29: S-18 | V29: D-19 | W29: L-20 | X29: M-21 | Y29: M-22 | Z29: J-23 | AA29: V-24 | AB29: S-25 | AC29: D-26 | AD29: L-27 | AE29: M-28 | AF29: M-29 | AG29: J-30 | AH29: V-31 | AI29: S | AJ29: D | AK29: L | AL29: M
A31: NOVIEMBRE | B31: L | C31: M | D31: M | E31: J | F31: V | G31: S-1 | H31: D-2 | I31: L-3 | J31: M-4 | K31: M-5 | L31: J-6 | M31: V-7 | N31: S-8 | O31: D-9 | P31: L-10 | Q31: M-11 | R31: M-12 | S31: J-13 | T31: V-14 | U31: S-15 | V31: D-16 | W31: L-17 | X31: M-18 | Y31: M-19 | Z31: J-20 | AA31: V-21 | AB31: S-22 | AC31: D-23 | AD31: L-24 | AE31: M-25 | AF31: M-26 | AG31: J-27 | AH31: V-28 | AI31: S-29 | AJ31: D-30 | AK31: L | AL31: M
A33: DICIEMBRE | B33: L-1 | C33: M-2 | D33: M-3 | E33: J-4 | F33: V-5 | G33: S-6 | H33: D-7 | I33: L-8 | J33: M-9 | K33: M-10 | L33: J-11 | M33: V-12 | N33: S-13 | O33: D-14 | P33: L-15 | Q33: M-16 | R33: M-17 | S33: J-18 | T33: V-19 | U33: S-20 | V33: D-21 | W33: L-22 | X33: M-23 | Y33: M-24 | Z33: J-25 | AA33: V- 26 | AB33: S-27 | AC33: D-28 | AD33: L-29 | AE33: M-30 | AF33: M-31 | AG33: J | AH33: V | AI33: S | AJ33: D | AK33: L | AL33: M
F37: LIC. SANDRA CASTILLO HERNÁNDEZ | AA37: MTRA. AIDEE CASTILLO SANDOVAL
F39: JEFE DE ENFERMERAS | AA39: SUBJEFE DE ENFERMERAS

Sheet J-V
A1: INSTITUTO A196:AL243MEXICANO DEL SEGURO SOCIAL
A2: DIRECCION DE PRESTACIONES MEDICAS COORDINACION DE ATENCION INTREGRAL EN SEGUNDO NIVEL
A3: DEPARTAMENTO DE ENFERMERIA
A4: HOSPITAL GENERAL REGIONAL N0. 200
A5: TECAMAC
A7: NOMBRE: | B7: =VLOOKUP(V7,'PLANTILLA VESP'!A1:L298,3,FALSE) -> HERNANDEZ GARNICA CARLOS IVAN (02) | J7: CAT: | L7: =VLOOKUP(V7,'PLANTILLA VESP'!A1:L298,4,FALSE) -> CAMILLERO EN UNIDADES HOSPITALARIAS 80 | S7: MATRICULA: | V7: 95151982 | Y7: CC | AB7: DESCANSO: | AE7: =VLOOKUP(V7,'PLANTILLA VESP'!A1:L298,10,FALSE) -> J-V | AH7: No PLAZA | AK7: =VLOOKUP(V7,'PLANTILLA VESP'!A1:L298,2,FALSE) -> 37902
A9: PISO | D9: SERVICIO | J9: F. INGRESO | P9: TIPO DE PLAZA | T9: =VLOOKUP(V7,'PLANTILLA VESP'!A1:L298,11,FALSE) -> OPERATIVA BASE | Y9: ROL.VAC | AD9: MARCA DE INC | AJ9: AÑO: 2025
A10: MES/DIA
A11: ENERO | B11: L | C11: M | D11: M-1 | E11: J-2 | F11: V-3 | G11: S-4 | H11: D-5 | I11: L-6 | J11: M-7 | K11: M-8 | L11: J-9 | M11: V-10 | N11: S-11 | O11: D-12 | P11: L-13 | R11: M-15 | S11: J-16 | T11: V-17 | U11: S-18 | V11: D-19 | W11: L-20 | X11: M-21 | Y11: M-22 | Z11: J-23 | AA11: V-24 | AB11: S-25 | AC11: D-26 | AD11: L-27 | AE11: M-28 | AF11: M-29 | AG11: J-30 | AH11: V-31 | AI11: S | AJ11: D | AK11: L | AL11: M
A13: FEBRERO | B13: L | C13: M | D13: M | E13: J | F13: V | G13: S-1 | H13: D-2 | I13: L-3 | J13: M-4 | K13: M-5 | L13: J-6 | M13: V-7 | N13: S-8 | O13: D-9 | P13: L-10 | Q13: M-11 | R13: M-12 | S13: J-13 | T13: V-14 | U13: S-15 | V13: D-16 | W13: L-17 | X13: M-18 | Y13: M-19 | Z13: J-20 | AA13: V-21 | AB13: S-22 | AC13: D-23 | AD13: L-24 | AE13: M-25 | AF13: M-26 | AG13: J-27 | AH13: V- 28 | AI13: S | AJ13: D | AK13: L | AL13: M
A15: MARZO | B15: L | C15: M | D15: M | E15: J | F15: V | G15: S-1 | H15: D-2 | I15: L-3 | J15: M-4 | K15: M-5 | L15: J-6 | M15: V-7 | N15: S-8 | O15: D-9 | P15: L-10 | Q15: M-11 | R15: M-12 | S15: J-13 | T15: V-14 | U15: S-15 | V15: D-16 | W15: L-17 | X15: M-18 | Y15: M-19 | Z15: J-20 | AA15: V-21 | AB15: S-22 | AC15: D-23 | AD15: L-24 | AE15: M-25 | AF15: M-26 | AG15: J-27 | AH15: V- 28 | AI15: S-29 | AJ15: D-30 | AK15: L-31 | AL15: M
A17: ABRIL | B17: L | C17: M-1 | D17: M-2 | E17: J-3 | F17: V-4 | G17: S-5 | H17: D-6 | I17: L-7 | J17: M-8 | K17: M-9 | L17: J-10 | M17: V-11 | N17: S-12 | O17: D-13 | P17: L-14 | Q17: M-15 | R17: M-16 | S17: J-17 | T17: V-18 | U17: S-19 | V17: D-20 | W17: L-21 | X17: M-22 | Y17: M-23 | Z17: J-24 | AA17: V-25 | AB17: S-26 | AC17: D-27 | AD17: L-28 | AE17: M-29 | AF17: M-30 | AG17: J | AH17: V | AI17: S | AJ17: D | AK17: L | AL17: M
A19: MAYO | B19: L | C19: M | D19: M | E19: J-1 | F19: V-2 | G19: S-3 | H19: D-4 | I19: L-5 | J19: M-6 | K19: M-7 | L19: J-8 | M19: V-9 | N19: S-10 | O19: D-11 | P19: L-12 | Q19: M-13 | R19: M-14 | S19: J-15 | T19: V-16 | U19: S-17 | V19: D-18 | W19: L-19 | X19: M-20 | Y19: M-21 | Z19: J-22 | AA19: V-23 | AB19: S-24 | AC19: D-25 | AD19: L-26 | AE19: M-27 | AF19: M-28 | AG19: J-29 | AH19: V-30 | AI19: S-31 | AJ19: D | AK19: L | AL19: M
A21: JUNIO | B21: L | C21: M | D21: M | E21: J | F21: V | G21: S | H21: D-1 | I21: L-2 | J21: M-3 | K21: M-4 | L21: J-5 | M21: V-6 | N21: S-7 | O21: D-8 | P21: L-9 | Q21: M-10 | R21: M-11 | S21: J-12 | T21: V-13 | U21: S-14 | V21: D-15 | W21: L-16 | X21: M-17 | Y21: M-18 | Z21: J-19 | AA21: V-20 | AB21: S-21 | AC21: D-22 | AD21: L-23 | AE21: M-24 | AF21: M-25 | AG21: J-26 | AH21: V- 27 | AI21: S-28 | AJ21: D-29 | AK21: L-30 | AL21: M
A23: JULIO | B23: L | C23: M-1 | D23: M-2 | E23: J-3 | F23: V-4 | G23: S-5 | H23: D-6 | I23: L-7 | J23: M-8 | K23: M-9 | L23: J-10 | M23: V-11 | N23: S-12 | O23: D-13 | P23: L-14 | Q23: M-15 | R23: M-16 | S23: J-17 | T23: V-18 | U23: S-19 | V23: D-20 | W23: L-21 | X23: M-22 | Y23: M-23 | Z23: J-24 | AA23: V-25 | AB23: S-26 | AC23: D-27 | AD23: L-28 | AE23: M-29 | AF23: M-30 | AG23: J-31 | AH23: V | AI23: S | AJ23: D | AK23: L | AL23: M
A25: AGOSTO | B25: L | C25: M | D25: M | E25: J | F25: V-1 | G25: S-2 | H25: D-3 | I25: L-4 | J25: M-5 | K25: M-6 | L25: J-7 | M25: V-8 | N25: S-9 | O25: D-10 | P25: L-11 | Q25: M-12 | R25: M-13 | S25: J-14 | T25: V-15 | U25: S-16 | V25: D-17 | W25: L-18 | X25: M-19 | Y25: M-20 | Z25: J-21 | AA25: V-22 | AB25: S-23 | AC25: D-24 | AD25: L-25 | AE25: M-26 | AF25: M-27 | AG25: J-28 | AH25: V-29 | AI25: S-30 | AJ25: D-31 | AK25: L | AL25: M
A27: SEPTIEMBRE | B27: L-1 | C27: M-2 | D27: M-3 | E27: J-4 | F27: V-5 | G27: S-6 | H27: D-7 | I27: L-8 | J27: M-9 | K27: M-10 | L27: J-11 | M27: V-12 | N27: S-13 | O27: D-14 | P27: L-15 | Q27: M-16 | R27: M-17 | S27: J-18 | T27: V-19 | U27: S-20 | V27: D-21 | W27: L-22 | X27: M-23 | Y27: M-24 | Z27: J-25 | AA27: V- 26 | AB27: S-27 | AC27: D-28 | AD27: L-29 | AE27: M-30 | AF27: M | AG27: J | AH27: V | AI27: S | AJ27: D | AK27: L | AL27: M
A29: OCTUBRE | B29: L | C29: M | D29: M-1 | E29: J-2 | F29: V-3 | G29: S-4 | H29: D-5 | I29: L-6 | J29: M-7 | K29: M-8 | L29: J-9 | M29: V-10 | N29: S-11 | O29: D-12 | P29: L-13 | Q29: M-14 | R29: M-15 | S29: J-16 | T29: V-17 | U29: S-18 | V29: D-19 | W29: L-20 | X29: M-21 | Y29: M-22 | Z29: J-23 | AA29: V-24 | AB29: S-25 | AC29: D-26 | AD29: L-27 | AE29: M-28 | AF29: M-29 | AG29: J-30 | AH29: V-31 | AI29: S | AJ29: D | AK29: L | AL29: M
A31: NOVIEMBRE | B31: L | C31: M | D31: M | E31: J | F31: V | G31: S-1 | H31: D-2 | I31: L-3 | J31: M-4 | K31: M-5 | L31: J-6 | M31: V-7 | N31: S-8 | O31: D-9 | P31: L-10 | Q31: M-11 | R31: M-12 | S31: J-13 | T31: V-14 | U31: S-15 | V31: D-16 | W31: L-17 | X31: M-18 | Y31: M-19 | Z31: J-20 | AA31: V-21 | AB31: S-22 | AC31: D-23 | AD31: L-24 | AE31: M-25 | AF31: M-26 | AG31: J-27 | AH31: V-28 | AI31: S-29 | AJ31: D-30 | AK31: L | AL31: M
A33: DICIEMBRE | B33: L-1 | C33: M-2 | D33: M-3 | E33: J-4 | F33: V-5 | G33: S-6 | H33: D-7 | I33: L-8 | J33: M-9 | K33: M-10 | L33: J-11 | M33: V-12 | N33: S-13 | O33: D-14 | P33: L-15 | Q33: M-16 | R33: M-17 | S33: J-18 | T33: V-19 | U33: S-20 | V33: D-21 | W33: L-22 | X33: M-23 | Y33: M-24 | Z33: J-25 | AA33: V- 26 | AB33: S-27 | AC33: D-28 | AD33: L-29 | AE33: M-30 | AF33: M-31 | AG33: J | AH33: V | AI33: S | AJ33: D | AK33: L | AL33: M
F37: LIC. SANDRA CASTILLO HERNÁNDEZ | AA37: MTRA. AIDEE CASTILLO SANDOVAL
F39: JEFE DE ENFERMERAS | AA39: SUBJEFE DE ENFERMERAS

Sheet V-S
A1: INSTITUTO MEXICANO DEL SEGURO SOCIAL
A2: DIRECCION DE PRESTACIONES MEDICAS COORDINACION DE ATENCION INTREGRAL EN SEGUNDO NIVEL
A3: DEPARTAMENTO DE ENFERMERIA
A4: HOSPITAL GENERAL REGIONAL N0. 200
A5: TECAMAC
A7: NOMBRE: | B7: =VLOOKUP(V7,'PLANTILLA VESP'!A1:L298,3,FALSE) -> DE LA PEÑA/HERNANDEZ/BRYAN NEFTALI | J7: CAT: | L7: =VLOOKUP(V7,'PLANTILLA VESP'!A1:L298,4,FALSE) -> AUX DE ENFERMERIA GRAL 80 | S7: MATRICULA: | V7: 97156925 | Y7: CC | AB7: DESCANSO: | AE7: V-S | AH7: No PLAZA | AK7: =VLOOKUP(V7,'PLANTILLA VESP'!A1:L298,2,FALSE) -> 38739
A9: PISO | D9: SERVICIO | J9: F. INGRESO | P9: TIPO DE PLAZA | T9: =VLOOKUP(V7,'PLANTILLA VESP'!A1:L298,11,FALSE) -> CUBRE DESCANSOS BASE | Y9: ROL.VAC | AD9: MARCA DE INC | AJ9: AÑO: 2025
A10: MES/DIA
A11: ENERO | B11: L | C11: M | D11: M-1 | E11: J-2 | F11: V-3 | G11: S-4 | H11: D-5 | I11: L-6 | J11: M-7 | K11: M-8 | L11: J-9 | M11: V-10 | N11: S-11 | O11: D-12 | P11: L-13 | Q11: M-14 | R11: M-15 | S11: J-16 | T11: V-17 | U11: S-18 | V11: D-19 | W11: L-20 | X11: M-21 | Y11: M-22 | Z11: J-23 | AA11: V-24 | AB11: S-25 | AC11: D-26 | AD11: L-27 | AE11: M-28 | AF11: M-29 | AG11: J-30 | AH11: V-31 | AI11: S | AJ11: D | AK11: L | AL11: M
A13: FEBRERO | B13: L | C13: M | D13: M | E13: J | F13: V | G13: S-1 | H13: D-2 | I13: L-3 | J13: M-4 | K13: M-5 | L13: J-6 | M13: V-7 | N13: S-8 | O13: D-9 | P13: L-10 | Q13: M-11 | R13: M-12 | S13: J-13 | T13: V-14 | U13: S-15 | V13: D-16 | W13: L-17 | X13: M-18 | Y13: M-19 | Z13: J-20 | AA13: V-21 | AB13: S-22 | AC13: D-23 | AD13: L-24 | AE13: M-25 | AF13: M-26 | AG13: J-27 | AH13: V- 28 | AI13: S | AJ13: D | AK13: L | AL13: M
A15: MARZO | B15: L | C15: M | D15: M | E15: J | F15: V | G15: S-1 | H15: D-2 | I15: L-3 | J15: M-4 | K15: M-5 | L15: J-6 | M15: V-7 | N15: S-8 | O15: D-9 | P15: L-10 | Q15: M-11 | R15: M-12 | S15: J-13 | T15: V-14 | U15: S-15 | V15: D-16 | W15: L-17 | X15: M-18 | Y15: M-19 | Z15: J-20 | AA15: V-21 | AB15: S-22 | AC15: D-23 | AD15: L-24 | AE15: M-25 | AF15: M-26 | AG15: J-27 | AH15: V- 28 | AI15: S-29 | AJ15: D-30 | AK15: L-31 | AL15: M
A17: ABRIL | B17: L | C17: M-1 | D17: M-2 | E17: J-3 | F17: V-4 | G17: S-5 | H17: D-6 | I17: L-7 | J17: M-8 | K17: M-9 | L17: J-10 | M17: V-11 | N17: S-12 | O17: D-13 | P17: L-14 | Q17: M-15 | R17: M-16 | S17: J-17 | T17: V-18 | U17: S-19 | V17: D-20 | W17: L-21 | X17: M-22 | Y17: M-23 | Z17: J-24 | AA17: V-25 | AB17: S-26 | AC17: D-27 | AD17: L-28 | AE17: M-29 | AF17: M-30 | AG17: J | AH17: V | AI17: S | AJ17: D | AK17: L | AL17: M
A19: MAYO | B19: | | C19: M | D19: M | E19: J-1 | F19: V-2 | G19: S-3 | H19: D-4 | I19: L-5 | J19: M-6 | K19: M-7 | L19: J-8 | M19: V-9 | N19: S-10 | O19: D-11 | P19: L-12 | Q19: M-13 | R19: M-14 | S19: J-15 | T19: V-16 | U19: S-17 | V19: D-18 | W19: L-19 | X19: M-20 | Y19: M-21 | Z19: J-22 | AA19: V-23 | AB19: S-24 | AC19: D-25 | AD19: L-26 | AE19: M-27 | AF19: M-28 | AG19: J-29 | AH19: V-30 | AI19: S-31 | AJ19: D | AK19: L | AL19: M
A21: JUNIO | B21: L | C21: M | D21: M | E21: J | F21: V | G21: S | H21: D-1 | I21: L-2 | J21: M-3 | K21: M-4 | L21: J-5 | M21: V-6 | N21: S-7 | O21: D-8 | P21: L-9 | Q21: M-10 | R21: M-11 | S21: J-12 | T21: V-13 | U21: S-14 | V21: D-15 | W21: L-16 | X21: M-17 | Y21: M-18 | Z21: J-19 | AA21: V-20 | AB21: S-21 | AC21: D-22 | AD21: L-23 | AE21: M-24 | AF21: M-25 | AG21: J-26 | AH21: V- 27 | AI21: S-28 | AJ21: D-29 | AK21: L-30 | AL21: M
A23: JULIO | B23: L | C23: M-1 | D23: M-2 | E23: J-3 | F23: V-4 | G23: S-5 | H23: D-6 | I23: L-7 | J23: M-8 | K23: M-9 | L23: J-10 | M23: V-11 | N23: S-12 | O23: D-13 | P23: L-14 | Q23: M-15 | R23: M-16 | S23: J-17 | T23: V-18 | U23: S-19 | V23: D-20 | W23: L-21 | X23: M-22 | Y23: M-23 | Z23: J-24 | AA23: V-25 | AB23: S-26 | AC23: D-27 | AD23: L-28 | AE23: M-29 | AF23: M-30 | AG23: J-31 | AH23: V | AI23: S | AJ23: D | AK23: L | AL23: M
A25: AGOSTO | B25: L | C25: M | D25: M | E25: J | F25: V-1 | G25: S-2 | H25: D-3 | I25: L-4 | J25: M-5 | K25: M-6 | L25: J-7 | M25: V-8 | N25: S-9 | O25: D-10 | P25: L-11 | Q25: M-12 | R25: M-13 | S25: J-14 | T25: V-15 | U25: S-16 | V25: D-17 | W25: L-18 | X25: M-19 | Y25: M-20 | Z25: J-21 | AA25: V-22 | AB25: S-23 | AC25: D-24 | AD25: L-25 | AE25: M-26 | AF25: M-27 | AG25: J-28 | AH25: V-29 | AI25: S-30 | AJ25: D-31 | AK25: L | AL25: M
A27: SEPTIEMBRE | B27: L-1 | C27: M-2 | D27: M-3 | E27: J-4 | F27: V-5 | G27: S-6 | H27: D-7 | I27: L-8 | J27: M-9 | K27: M-10 | L27: J-11 | M27: V-12 | N27: S-13 | O27: D-14 | P27: L-15 | Q27: M-16 | R27: M-17 | S27: J-18 | T27: V-19 | U27: S-20 | V27: D-21 | W27: L-22 | X27: M-23 | Y27: M-24 | Z27: J-25 | AA27: V- 26 | AB27: S-27 | AC27: D-28 | AD27: L-29 | AE27: M-30 | AF27: M | AG27: J | AH27: V | AI27: S | AJ27: D | AK27: L | AL27: M
A29: OCTUBRE | B29: L | C29: M | D29: M-1 | E29: J-2 | F29: V-3 | G29: S-4 | H29: D-5 | I29: L-6 | J29: M-7 | K29: M-8 | L29: J-9 | M29: V-10 | N29: S-11 | O29: D-12 | P29: L-13 | Q29: M-14 | R29: M-15 | S29: J-16 | T29: V-17 | U29: S-18 | V29: D-19 | W29: L-20 | X29: M-21 | Y29: M-22 | Z29: J-23 | AA29: V-24 | AB29: S-25 | AC29: D-26 | AD29: L-27 | AE29: M-28 | AF29: M-29 | AG29: J-30 | AH29: V-31 | AI29: S | AJ29: D | AK29: L | AL29: M
A31: NOVIEMBRE | B31: L | C31: M | D31: M | E31: J | F31: V | G31: S-1 | H31: D-2 | I31: L-3 | J31: M-4 | K31: M-5 | L31: J-6 | M31: V-7 | N31: S-8 | O31: D-9 | P31: L-10 | Q31: M-11 | R31: M-12 | S31: J-13 | T31: V-14 | U31: S-15 | V31: D-16 | W31: L-17 | X31: M-18 | Y31: M-19 | Z31: J-20 | AA31: V-21 | AB31: S-22 | AC31: D-23 | AD31: L-24 | AE31: M-25 | AF31: M-26 | AG31: J-27 | AH31: V-28 | AI31: S-29 | AJ31: D-30 | AK31: L | AL31: M
A33: DICIEMBRE | B33: L-1 | C33: M-2 | D33: M-3 | E33: J-4 | F33: V-5 | G33: S-6 | H33: D-7 | I33: L-8 | J33: M-9 | K33: M-10 | L33: J-11 | M33: V-12 | N33: S-13 | O33: D-14 | P33: L-15 | Q33: M-16 | R33: M-17 | S33: J-18 | T33: V-19 | U33: S-20 | V33: D-21 | W33: L-22 | X33: M-23 | Y33: M-24 | Z33: J-25 | AA33: V- 26 | AB33: S-27 | AC33: D-28 | AD33: L-29 | AE33: M-30 | AF33: M-31 | AG33: J | AH33: V | AI33: S | AJ33: D | AK33: L | AL33: M
F37: LIC. SANDRA CASTILLO HERNÁNDEZ | AA37: MTRA. AIDEE CASTILLO SANDOVAL
F39: JEFE DE ENFERMERAS | AA39: SUBJEFE DE ENFERMERAS

Sheet D-L
A2: DIRECCION DE PRESTACIONES MEDICAS COORDINACION DE ATENCION INTREGRAL EN SEGUNDO NIVEL
A3: DEPARTAMENTO DE ENFERMERIA
A4: HOSPITAL GENERAL REGIONAL N0. 200
A5: TECAMAC
A7: NOMBRE: | B7: =VLOOKUP(V7,'PLANTILLA VESP'!A1:L312,3,FALSE) -> RAMIREZ MEDINA ALAN YAMIL ALMICAR | J7: CAT: | L7: =VLOOKUP(V7,'PLANTILLA VESP'!A1:L312,4,FALSE) -> AUX DE ENFERMERIA GRAL 80 | S7: MATRICULA: | V7: 98361059 | Y7: CC | AB7: DESCANSO: | AE7: D-L | AH7: No PLAZA | AK7: =VLOOKUP(V7,'PLANTILLA VESP'!A1:L313,2,FALSE) -> 38327
A9: PISO | D9: SERVICIO | J9: F. INGRESO | P9: TIPO DE PLAZA | T9: =VLOOKUP(V7,'PLANTILLA VESP'!A1:L314,11,FALSE) -> OPERATIVA BASE | Y9: ROL.VAC | AD9: MARCA DE INC | AJ9: AÑO: 2025
A10: MES/DIA
A11: ENERO | B11: L | C11: M | D11: M-1 | E11: J-2 | F11: V-3 | G11: S-4 | H11: D-5 | I11: L-6 | J11: M-7 | K11: M-8 | L11: J-9 | M11: V-10 | N11: S-11 | O11: D-12 | P11: L-13 | Q11: M-14 | R11: M-15 | S11: J-16 | T11: V-17 | U11: S-18 | V11: D-19 | W11: L-20 | X11: M-21 | Y11: M-22 | Z11: J-23 | AA11: V-24 | AB11: S-25 | AC11: D-26 | AD11: L-27 | AE11: M-28 | AF11: M-29 | AG11: J-30 | AH11: V-31 | AI11: S | AJ11: D | AK11: L | AL11: M
A13: FEBRERO | B13: L | C13: M | D13: M | E13: J | F13: V | G13: S-1 | H13: D-2 | I13: L-3 | J13: M-4 | K13: M-5 | L13: J-6 | M13: V-7 | N13: S-8 | O13: D-9 | P13: L-10 | Q13: M-11 | R13: M-12 | S13: J-13 | T13: V-14 | U13: S-15 | V13: D-16 | W13: L-17 | X13: M-18 | Y13: M-19 | Z13: J-20 | AA13: V-21 | AB13: S-22 | AC13: D-23 | AD13: L-24 | AE13: M-25 | AF13: M-26 | AG13: J-27 | AH13: V- 28 | AI13: S | AJ13: D | AK13: L | AL13: M
S14: p
A15: MARZO | B15: L | C15: M | D15: M | E15: J | F15: V | G15: S-1 | H15: D-2 | I15: L-3 | J15: M-4 | K15: M-5 | L15: J-6 | M15: V-7 | N15: S-8 | O15: D-9 | P15: L-10 | Q15: M-11 | R15: M-12 | S15: J-13 | T15: V-14 | U15: S-15 | V15: D-16 | W15: L-17 | X15: M-18 | Y15: M-19 | Z15: J-20 | AA15: V-21 | AB15: S-22 | AC15: D-23 | AD15: L-24 | AE15: M-25 | AF15: M-26 | AG15: J-27 | AH15: V- 28 | AI15: S-29 | AJ15: D-30 | AK15: L-31 | AL15: M
A17: ABRIL | B17: L | C17: M-1 | D17: M-2 | E17: J-3 | F17: V-4 | G17: S-5 | H17: D-6 | I17: L-7 | J17: M-8 | K17: M-9 | L17: J-10 | M17: V-11 | N17: S-12 | O17: D-13 | P17: L-14 | Q17: M-15 | R17: M-16 | S17: J-17 | T17: V-18 | U17: S-19 | V17: D-20 | W17: L-21 | X17: M-22 | Y17: M-23 | Z17: J-24 | AA17: V-25 | AB17: S-26 | AC17: D-27 | AD17: L-28 | AE17: M-29 | AF17: M-30 | AG17: J | AH17: V | AI17: S | AJ17: D | AK17: L | AL17: M
A19: MAYO | B19: L | C19: M | D19: M | E19: J-1 | F19: V-2 | G19: S-3 | H19: D-4 | I19: L-5 | J19: M-6 | K19: M-7 | L19: J-8 | M19: V-9 | N19: S-10 | O19: D-11 | P19: L-12 | Q19: M-13 | R19: M-14 | S19: J-15 | T19: V-16 | U19: S-17 | V19: D-18 | W19: L-19 | X19: M-20 | Y19: M-21 | Z19: J-22 | AA19: V-23 | AB19: S-24 | AC19: D-25 | AD19: L-26 | AE19: M-27 | AF19: M-28 | AG19: J-29 | AH19: V-30 | AI19: S-31 | AJ19: D | AK19: L | AL19: M
A21: JUNIO | B21: L | C21: M | D21: M | E21: J | F21: V | G21: S | H21: D-1 | I21: L-2 | J21: M-3 | K21: M-4 | L21: J-5 | M21: V-6 | N21: S-7 | O21: D-8 | P21: L-9 | Q21: M-10 | R21: M-11 | S21: J-12 | T21: V-13 | U21: S-14 | V21: D-15 | W21: L-16 | X21: M-17 | Y21: M-18 | Z21: J-19 | AA21: V-20 | AB21: S-21 | AC21: D-22 | AD21: L-23 | AE21: M-24 | AF21: M-25 | AG21: J-26 | AH21: V- 27 | AI21: S-28 | AJ21: D-29 | AK21: L-30 | AL21: M
A23: JULIO | B23: L | C23: M-1 | D23: M-2 | E23: J-3 | F23: V-4 | G23: S-5 | H23: D-6 | I23: L-7 | J23: M-8 | K23: M-9 | L23: J-10 | M23: V-11 | N23: S-12 | O23: D-13 | P23: L-14 | Q23: M-15 | R23: M-16 | S23: J-17 | T23: V-18 | U23: S-19 | V23: D-20 | W23: L-21 | X23: M-22 | Y23: M-23 | Z23: J-24 | AA23: V-25 | AB23: S-26 | AC23: D-27 | AD23: L-28 | AE23: M-29 | AF23: M-30 | AG23: J-31 | AH23: V | AI23: S | AJ23: D | AK23: L | AL23: M
A25: AGOSTO | B25: L | C25: M | D25: M | E25: J | F25: V-1 | G25: S-2 | H25: D-3 | I25: L-4 | J25: M-5 | K25: M-6 | L25: J-7 | M25: V-8 | N25: S-9 | O25: D-10 | P25: L-11 | Q25: M-12 | R25: M-13 | S25: J-14 | T25: V-15 | U25: S-16 | V25: D-17 | W25: L-18 | X25: M-19 | Y25: M-20 | Z25: J-21 | AA25: V-22 | AB25: S-23 | AC25: D-24 | AD25: L-25 | AE25: M-26 | AF25: M-27 | AG25: J-28 | AH25: V-29 | AI25: S-30 | AJ25: D-31 | AK25: L | AL25: M
A27: SEPTIEMBRE | B27: L-1 | C27: M-2 | D27: M-3 | E27: J-4 | F27: V-5 | G27: S-6 | H27: D-7 | I27: L-8 | J27: M-9 | K27: M-10 | L27: J-11 | M27: V-12 | N27: S-13 | O27: D-14 | P27: L-15 | Q27: M-16 | R27: M-17 | S27: J-18 | T27: V-19 | U27: S-20 | V27: D-21 | W27: L-22 | X27: M-23 | Y27: M-24 | Z27: J-25 | AA27: V- 26 | AB27: S-27 | AC27: D-28 | AD27: L-29 | AE27: M-30 | AF27: M | AG27: J | AH27: V | AI27: S | AJ27: D | AK27: L | AL27: M
A29: OCTUBRE | B29: L | C29: M | D29: M-1 | E29: J-2 | F29: V-3 | G29: S-4 | H29: D-5 | I29: L-6 | J29: M-7 | K29: M-8 | L29: J-9 | M29: V-10 | N29: S-11 | O29: D-12 | P29: L-13 | Q29: M-14 | R29: M-15 | S29: J-16 | T29: V-17 | U29: S-18 | V29: D-19 | W29: L-20 | X29: M-21 | Y29: M-22 | Z29: J-23 | AA29: V-24 | AB29: S-25 | AC29: D-26 | AD29: L-27 | AE29: M-28 | AF29: M-29 | AG29: J-30 | AH29: V-31 | AI29: S | AJ29: D | AK29: L | AL29: M
A31: NOVIEMBRE | B31: L | C31: M | D31: M | E31: J | F31: V | G31: S-1 | H31: D-2 | I31: L-3 | J31: M-4 | K31: M-5 | L31: J-6 | M31: V-7 | N31: S-8 | O31: D-9 | P31: L-10 | Q31: M-11 | R31: M-12 | S31: J-13 | T31: V-14 | U31: S-15 | V31: D-16 | W31: L-17 | X31: M-18 | Y31: M-19 | Z31: J-20 | AA31: V-21 | AB31: S-22 | AC31: D-23 | AD31: L-24 | AE31: M-25 | AF31: M-26 | AG31: J-27 | AH31: V-28 | AI31: S-29 | AJ31: D-30 | AK31: L | AL31: M
A33: DICIEMBRE | B33: L-1 | C33: M-2 | D33: M-3 | E33: J-4 | F33: V-5 | G33: S-6 | H33: D-7 | I33: L-8 | J33: M-9 | K33: M-10 | L33: J-11 | M33: V-12 | N33: S-13 | O33: D-14 | P33: L-15 | Q33: M-16 | R33: M-17 | S33: J-18 | T33: V-19 | U33: S-20 | V33: D-21 | W33: L-22 | X33: M-23 | Y33: M-24 | Z33: J-25 | AA33: V- 26 | AB33: S-27 | AC33: D-28 | AD33: L-29 | AE33: M-30 | AF33: M-31 | AG33: J | AH33: V | AI33: S | AJ33: D | AK33: L | AL33: M
F37: LIC. SANDRA CASTILLO HERNÁNDEZ | AA37: MTRA. AIDEE CASTILLO SANDOVAL
F39: JEFE DE ENFERMERAS | AA39: SUBJEFE DE ENFERMERAS
